Unnamed: 0,file_name,bbox,license_plate.id,license_plate.visibility,license_plate.rows_count,license_plate.number,license_plate.serial,license_plate.country,license_plate.color,license_plate.mask,license_plate.region
0,29866880.jpg,"[0.0, 0.6222222222222222, 0.2640625, 0.8694444444444445]",aff2d75a-7367-4a91-a103-8acedd79a3ca,fully_visible,1.0,990CEZ_15_,,Kazakhstan,,"[0.00078125, 0.7916666666666666, 0.00078125, 0.8138888888888889, 0.05703125, 0.8125, 0.05703125, 0.7916666666666666]",
1,900900.jpg,"[0.18125, 0.4736111111111111, 0.5375, 0.8277777777777777]",d0d7b295-a82c-493b-95c8-aaaaea3dfd30,fully_visible,1.0,_X_938TRN,,Kazakhstan,,"[0.24375, 0.6361111111111111, 0.31015625, 0.6388888888888888, 0.30859375, 0.6625, 0.24140625, 0.6611111111111111]",
2,4531200.jpg,"[0.484375, 0.2777777777777778, 0.79921875, 0.8194444444444444]",bc670867-17b2-4b32-a25b-1f82b968db8d,fully_visible,1.0,T033BA_39_,,Kazakhstan,,"[0.521875, 0.5166666666666667, 0.603125, 0.525, 0.60234375, 0.5569444444444445, 0.52109375, 0.5458333333333333]",
4,23726080.jpg,"[0.43046875, 0.5611111111111111, 0.72890625, 0.9875]",799bef55-6c18-44fd-bda1-5bbd66509cb4,fully_visible,1.0,791CCZ_01_,,Kazakhstan,,"[0.51953125, 0.7638888888888888, 0.61640625, 0.7625, 0.61484375, 0.8, 0.51953125, 0.8013888888888889]",
5,15206400.jpg,"[0.203125, 0.5347222222222222, 0.57578125, 0.9833333333333333]",42b2f9f2-d8dc-4005-b0e9-7a584c0494af,fully_visible,1.0,_X_096EAO,,Kazakhstan,,"[0.32890625, 0.8013888888888889, 0.44921875, 0.7930555555555555, 0.4515625, 0.8375, 0.32890625, 0.8458333333333333]",
8,3194880.jpg,"[0.55703125, 0.6236111111111111, 0.77890625, 0.9861111111111112]",134e32b6-546c-4c44-8635-12c210edbcdb,fully_visible,1.0,062FJA_01_,,Kazakhstan,,"[0.63515625, 0.7888888888888889, 0.63671875, 0.8166666666666667, 0.703125, 0.8111111111111111, 0.7015625, 0.7847222222222222]",
9,13617920.jpg,"[0.51015625, 0.7430555555555556, 0.88359375, 0.9930555555555556]",e91a69d6-fe78-4013-a9fd-8ea5fa16e87f,fully_visible,1.0,345PVA_03_,,Kazakhstan,,"[0.5515625, 0.9138888888888889, 0.553125, 0.8861111111111111, 0.60390625, 0.8888888888888888, 0.60234375, 0.925]",
11,27340800.jpg,"[0.4234375, 0.5333333333333333, 0.63515625, 0.8583333333333333]",ed140446-fa52-4918-a354-14346efddead,fully_visible,1.0,_X_731YON,,Kazakhstan,,"[0.50390625, 0.6833333333333333, 0.50390625, 0.7125, 0.575, 0.7138888888888889, 0.57578125, 0.6861111111111111]",
13,5468160.jpg,"[0.3171875, 0.5638888888888889, 0.49609375, 0.8263888888888888]",0878fd79-0da2-44df-888f-8a679623730b,fully_visible,1.0,_X_654WUN,,Kazakhstan,,"[0.3703125, 0.6666666666666666, 0.36953125, 0.6944444444444444, 0.43046875, 0.6986111111111111, 0.43125, 0.6708333333333333]",
15,16066560.jpg,"[0.61015625, 0.42083333333333334, 0.9421875, 0.8277777777777777]",2c180ca1-588f-427b-9c6f-484eb23acc2d,fully_visible,1.0,077CCA_13_,,Kazakhstan,,"[0.7953125, 0.6236111111111111, 0.8625, 0.6194444444444445, 0.8640625, 0.65, 0.79609375, 0.6541666666666667]",
1406,29866880.jpg,"[0.58984375, 0.6236111111111111, 0.64296875, 0.7305555555555555]",e5d01251-fd3c-43e9-9641-3a68c7cef3e0,fully_visible_no_text,,,,Kazakhstan,,"[0.59921875, 0.7, 0.5984375, 0.7069444444444445, 0.609375, 0.7083333333333334, 0.61015625, 0.7]",
1511,15206400.jpg,"[0.50546875, 0.7458333333333333, 0.59296875, 0.9055555555555556]",35cf345e-967c-4ab5-a423-4133d086c04d,partly_visible_no_text,,,,Kazakhstan,,,
2061,900900.jpg,"[0.4953125, 0.4527777777777778, 0.83359375, 0.9055555555555556]",e0a0cccb-d41f-4c17-80d3-56b690cf8ed8,fully_visible,1.0,366HNA_13_,,Kazakhstan,,"[0.603125, 0.6486111111111111, 0.6015625, 0.6875, 0.71328125, 0.6972222222222222, 0.7140625, 0.6597222222222222]",
2758,16066560.jpg,"[0.1859375, 0.5319444444444444, 0.5828125, 0.9805555555555555]",4fd25f57-4947-4ef4-be0c-90a10ff16141,fully_visible,1.0,_X_096EAO,,Kazakhstan,,"[0.31953125, 0.8194444444444444, 0.44921875, 0.8125, 0.45, 0.8555555555555555, 0.31875, 0.8652777777777778]",
2953,5468160.jpg,"[0.59609375, 0.5777777777777777, 0.91015625, 0.8944444444444445]",a1626ae9-a823-426e-889e-e116c88c049f,fully_visible,1.0,_X_258PDN,,Kazakhstan,,"[0.80859375, 0.725, 0.86875, 0.7194444444444444, 0.87109375, 0.7486111111111111, 0.8109375, 0.7569444444444444]",
3669,15206400.jpg,"[0.78125, 0.6805555555555556, 0.8453125, 0.7847222222222222]",3bfbb593-d78f-40cb-8f54-ae27e2a266da,invisible,,,,Kazakhstan,,,
3735,29866880.jpg,"[0.83984375, 0.5527777777777778, 0.99609375, 0.8902777777777777]",3d86cbf9-66af-4fc1-80a6-bb40570cd52a,fully_visible,1.0,792AZA_03_,,Kazakhstan,,"[0.88984375, 0.7222222222222222, 0.95078125, 0.725, 0.94921875, 0.75, 0.88828125, 0.7444444444444445]",
3803,3194880.jpg,"[0.29140625, 0.47638888888888886, 0.59765625, 0.9166666666666666]",723ba45c-378e-488d-9ecf-83d174fbe260,fully_visible,1.0,_X_747UYN,,Kazakhstan,,"[0.39140625, 0.6847222222222222, 0.49765625, 0.6819444444444445, 0.4984375, 0.7263888888888889, 0.38984375, 0.7319444444444444]",
4209,3194880.jpg,"[0.3875, 0.6597222222222222, 0.475, 0.775]",febb6a0b-3b21-434f-928d-a95d77136251,fully_visible_no_text,,,,Kazakhstan,,"[0.40234375, 0.7125, 0.42421875, 0.7111111111111111, 0.42421875, 0.7194444444444444, 0.4015625, 0.7208333333333333]",
4351,15206400.jpg,"[0.434375, 0.49027777777777776, 0.56875, 0.7097222222222223]",66120ac9-e55d-42e9-8cd8-178a3cb4a60c,fully_visible,1.0,261LVB_02_,,Kazakhstan,,"[0.48046875, 0.6638888888888889, 0.521875, 0.6625, 0.52265625, 0.6763888888888889, 0.48125, 0.6777777777777778]",
4571,3194880.jpg,"[0.11875, 0.5111111111111111, 0.42109375, 0.8305555555555556]",82b9525d-209d-495d-9947-46ed0b8196b4,fully_visible,1.0,173ZVY_05_,,Kazakhstan,,"[0.16328125, 0.7069444444444445, 0.22109375, 0.7027777777777777, 0.2203125, 0.7305555555555555, 0.16171875, 0.7333333333333333]",
5421,5468160.jpg,"[0.94765625, 0.41805555555555557, 0.9984375, 0.675]",419a315a-9893-4b05-a7ed-0ceb259386a2,partly_visible_no_text,,,,Kazakhstan,,,
10,01261.jpg,"[0.17516, 0.17944, 0.79346, 0.8676]",86e49bd3-91c6-490a-b023-534eec753476,fully_visible,1.0,097REE_09_,,Kazakhstan,,"[0.46614, 0.74161, 0.63612, 0.72745, 0.63214, 0.77347, 0.46215, 0.79471]",
11,11030.jpg,"[0.19394, 0.15808, 0.86768, 0.86097]",ecf90bd3-202e-4cbb-892f-20bab6e3b38d,fully_visible,1.0,910HUA_11_,,Kazakhstan,,"[0.28685, 0.50476, 0.4409, 0.50104, 0.43958, 0.56228, 0.28287, 0.56228]",
12,07456.jpg,"[0.34167, 0.4713, 0.61597, 0.85278]",658d990d-052e-45e2-86f6-2b6bacc2bb33,fully_visible,2.0,87%_05_AT,,Kazakhstan,,"[0.54316, 0.7189, 0.53121, 0.66401, 0.58035, 0.64985, 0.59495, 0.70474]",
13,13661.jpg,"[0.145, 0.25333, 0.93, 0.91444]",26d4d7b9-60e4-487c-be02-9347ff6ce958,fully_visible,2.0,808%_10_AB,,Kazakhstan,,"[0.29089, 0.60488, 0.23724, 0.6014, 0.23855, 0.6642, 0.29089, 0.66594]",
14,14490.jpg,"[0.09861, 0.1037, 0.92083, 0.82407]",e6d79e21-c26d-4942-a7f8-71b0b48247a3,fully_visible,1.0,505DYA_03_,,Kazakhstan,,"[0.72097, 0.46337, 0.8535, 0.39108, 0.85748, 0.45277, 0.72627, 0.53228]",
15,05527.jpg,"[0.17936, 0.51731, 0.78542, 0.93075]",e9977ccc-60d5-4c88-8192-fd482b006133,fully_visible,2.0,070%_04_NUR,,Kazakhstan,,"[0.30244, 0.69895, 0.35647, 0.70402, 0.34989, 0.76142, 0.29322, 0.75805]",
16,10359.jpg,"[0.235, 0.08667, 0.89667, 0.67]",25223e34-11b1-491e-9160-f3fa92d3f3f2,fully_visible,2.0,864%_04_CFA,,Kazakhstan,,"[0.417, 0.35273, 0.417, 0.43064, 0.4927, 0.43064, 0.49668, 0.35096]",
17,00696.jpg,"[0.11765, 0.28558, 0.80344, 0.81023]",cfd42277-b389-498c-8cde-4895686f9895,fully_visible,2.0,DHA%_04_36,,Kazakhstan,,"[0.65693, 0.62959, 0.68614, 0.62959, 0.68481, 0.6623, 0.65428, 0.65885]",
18,11608.jpg,"[0.12583, 0.30556, 0.82583, 0.91222]",15b1e4a6-fad6-46e5-9773-a341f4a67dd9,fully_visible,2.0,484%_13_PDA,,Kazakhstan,,"[0.30407, 0.62081, 0.30275, 0.70542, 0.38472, 0.716, 0.38604, 0.63139]",
19,01354.jpg,"[0.29236, 0.27037, 0.80833, 0.89259]",9651a4b7-b732-4a4d-856d-bb5d344c969b,fully_visible,2.0,F119%DNN,,Kazakhstan,,"[0.47676, 0.52413, 0.55511, 0.52413, 0.55378, 0.59672, 0.47278, 0.60027]",
223,01261.jpg,"[0.2, 0.26673, 0.76296, 0.8215]",0687f8ce-fd5f-42ba-b524-4082f94bcb7c,fully_visible,2.0,VAZ%_05_40,,Kazakhstan,,"[0.59757, 0.71701, 0.62797, 0.71863, 0.62797, 0.7447, 0.59625, 0.74144]",
15381,05527.jpg,"[0.12986, 0.16667, 0.88056, 0.80556]",0c101aa7-7a27-4ae0-b161-37c84c921bfc,fully_visible,1.0,055JEB_02_,,Kazakhstan,,"[0.66291, 0.67769, 0.66028, 0.63034, 0.80496, 0.59176, 0.80628, 0.63385]",
22887,00696.jpg,"[0.04485, 0.05333, 0.98424, 0.87333]",739cbd80-1bf0-45b3-9047-4af249a3c2df,fully_visible,1.0,343RCA_09_,,Kazakhstan,,"[0.11687, 0.6026, 0.26959, 0.63547, 0.27224, 0.69756, 0.11687, 0.66469]",
25274,01354.jpg,"[0.2625, 0.42685, 0.87361, 0.77315]",9d733d93-cba9-4801-a65c-8a730ca67a1e,fully_visible,1.0,070VIP_15_,,Kazakhstan,,"[0.71241, 0.57769, 0.79056, 0.57479, 0.79273, 0.59563, 0.71502, 0.5991]",
26670,11608.jpg,"[0.10903, 0.18796, 0.89514, 0.8463]",250721e0-b10c-43e5-8601-dbe7882d8ebd,fully_visible,1.0,424EFA_12_,,Kazakhstan,,"[0.15971, 0.59452, 0.27629, 0.62309, 0.27281, 0.67092, 0.1612, 0.64169]",
27170,11030.jpg,"[0.17917, 0.08778, 0.84667, 0.89222]",ff7bc93c-752b-491d-8b67-e382248cce7b,fully_visible,2.0,3255%AS,,Kazakhstan,,"[0.64853, 0.52371, 0.72614, 0.50052, 0.72881, 0.59865, 0.6512, 0.62719]",
30397,13661.jpg,"[0.01736, 0.23148, 0.96667, 0.79907]",e38d98a0-7b79-4461-aee0-731af5f13620,fully_visible,1.0,007STA_02_,,Kazakhstan,,"[0.90969, 0.49402, 0.85525, 0.50288, 0.85923, 0.53475, 0.91235, 0.52767]",
51895,10359.jpg,"[0.0865, 0.18342, 0.9345, 0.88194]",b0f05dcd-d9b6-4781-9ff8-13ec0c7fd9d3,fully_visible,1.0,037XZA_02_,,Kazakhstan,,"[0.13855, 0.64095, 0.25832, 0.66713, 0.26098, 0.71389, 0.13989, 0.69145]",
60599,14490.jpg,"[0.13265, 0.16495, 0.87399, 0.94564]",aa9c8ddd-7b13-4b8f-bb74-701359b37a36,fully_visible,2.0,8639%MA,,Kazakhstan,,"[0.22399, 0.76774, 0.22399, 0.8025, 0.26727, 0.8054, 0.26727, 0.76967]",
10,0016133.jpg,"[0.11395101171458999, 0.21775898520084566, 0.9100106496272631, 0.8696264975334743]",5ccda35a-6c9e-4c46-86bd-3dbd205a853c,fully_visible,1.0,562TLJ,,Estonia,,"[0.22577209797657083, 0.5088090204369274, 0.40468583599574015, 0.5088090204369274, 0.39989350372736954, 0.5799859055673009, 0.21991480298189564, 0.5799859055673009]",
11,0019637.jpg,"[0.003472222222222222, 0.07777777777777778, 0.9743055555555555, 0.8981481481481481]",5222535b-7225-4686-a8b1-3c8a340b78b7,fully_visible,1.0,291TNN,,Estonia,,"[0.09305555555555556, 0.4583333333333333, 0.24375, 0.45925925925925926, 0.2375, 0.5333333333333333, 0.08472222222222223, 0.5268518518518519]",
12,0003596.jpg,"[0.05141202027516292, 0.41367323290845887, 0.9732078204199855, 0.9606025492468134]",9849ab10-4858-467f-b3a2-896031223d02,fully_visible,1.0,18ZMX,,Estonia,,"[0.8428674873280232, 0.6222479721900348, 0.8848660391020999, 0.6141367323290846, 0.8913830557566981, 0.6639629200463499, 0.8501086169442433, 0.6720741599073001]",
13,0012359.jpg,"[0.09166666666666666, 0.020370370370370372, 0.9222222222222223, 0.8629629629629629]",f4bfa294-6863-4430-a61c-30102d6da0a7,fully_visible,1.0,309APK,,Estonia,,"[0.5909722222222222, 0.6305555555555555, 0.8, 0.6129629629629629, 0.8, 0.687037037037037, 0.5888888888888889, 0.7064814814814815]",
14,0019254.jpg,"[0.000625, 0.04416666666666667, 0.848125, 0.9433333333333334]",bd4e9c8b-22e7-42d6-bf6f-6df1d8ae0cdb,fully_visible,1.0,819BPH,,Estonia,,"[0.620625, 0.8641666666666666, 0.620625, 0.8875, 0.7025, 0.8908333333333334, 0.705, 0.8608333333333333]",
15,0036972.jpg,"[0.122, 0.14186369958275383, 0.883, 0.8191933240611962]",16c1097c-ad49-44a4-aca0-e58071b4cb9d,fully_visible,1.0,999AAX,,Estonia,,"[0.242, 0.6230876216968011, 0.367, 0.6244784422809457, 0.369, 0.6717663421418637, 0.241, 0.6717663421418637]",
16,0011641.jpg,"[0.052083333333333336, 0.1712962962962963, 0.9479166666666666, 0.8157407407407408]",04b2f538-0ff8-452a-9cc1-e1c8b401961e,fully_visible,1.0,969TMG,,Estonia,,"[0.68125, 0.5740740740740741, 0.8340277777777778, 0.5675925925925925, 0.8354166666666667, 0.6157407407407407, 0.6833333333333333, 0.6222222222222222]",
17,0042707.jpg,"[0.0912863070539419, 0.1308411214953271, 0.9139004149377593, 0.9314641744548287]",643c9607-8da2-4584-b070-efb5521cc297,fully_visible,1.0,AE-5947,,Estonia,,"[0.17012448132780084, 0.8457943925233645, 0.22199170124481327, 0.8598130841121495, 0.22199170124481327, 0.8894080996884736, 0.17012448132780084, 0.8738317757009346]",
18,0023723.jpg,"[0.04852941176470588, 0.11098527746319366, 0.9176470588235294, 0.9467723669309174]",fd1f3b68-24fb-4fd9-8784-785e6faafc1c,fully_visible,1.0,914YJP,,Estonia,,"[0.2073529411764706, 0.7836919592298981, 0.2757352941176471, 0.7791619479048698, 0.27647058823529413, 0.8074745186862967, 0.20955882352941177, 0.812004530011325]",
19,0039854.jpg,"[0.17083333333333334, 0.19333333333333333, 0.76, 0.8144444444444444]",593f32e8-f888-451e-8a85-d48cf0680702,fully_visible,1.0,429BKC,,Estonia,,"[0.3333333333333333, 0.5211111111111111, 0.5083333333333333, 0.5333333333333333, 0.5083333333333333, 0.5955555555555555, 0.335, 0.5811111111111111]",
1,2601032.jpg,"[0.45, 0.6333333333333333, 0.6083333333333333, 0.8763888888888889]",f8905f88-9632-4175-9ec3-6c9e0d910aaa,fully_visible,1.0,KWE-8269,,Brazil,,"[0.5111979166666667, 0.8055555555555556, 0.5111979166666667, 0.8273148148148148, 0.54765625, 0.8291666666666667, 0.5479166666666667, 0.8074074074074075]",
5,2154018.jpg,"[0.6473958333333333, 0.6453703703703704, 0.8114583333333333, 0.8537037037037037]",3f051582-ff75-4cac-bfac-e447848e3c21,fully_visible,1.0,KRF-8219,,Brazil,,"[0.7375, 0.7824074074074074, 0.7377604166666667, 0.8018518518518518, 0.76875, 0.8064814814814815, 0.7682291666666666, 0.7861111111111111]",
6,2114000.jpg,"[0.38958333333333334, 0.4425925925925926, 0.6130208333333333, 0.7046296296296296]",35a533f2-b70f-4f20-be4e-3fe9c0b7d03a,fully_visible,1.0,ELS-7575,,Brazil,,"[0.47552083333333334, 0.5879629629629629, 0.5294270833333333, 0.587037037037037, 0.5276041666666667, 0.6171296296296296, 0.475, 0.6162037037037037]",
8,398000.jpg,"[0.38255208333333335, 0.5884259259259259, 0.48802083333333335, 0.7356481481481482]",8c52e50a-a146-46d9-8d04-5cf6b31ee9f2,fully_visible,1.0,PLZ3B92,,Brazil,,"[0.41041666666666665, 0.6458333333333334, 0.40989583333333335, 0.6592592592592592, 0.43020833333333336, 0.6583333333333333, 0.42994791666666665, 0.6462962962962963]",
9,3069000.jpg,"[0.3768229166666667, 0.638425925925926, 0.6638020833333333, 1.0013888888888889]",6cb496c6-a3d2-4d01-a8cf-22c469620897,fully_visible,1.0,PWY3G12,,Brazil,,"[0.47265625, 0.8300925925925926, 0.5388020833333333, 0.8351851851851851, 0.53828125, 0.8763888888888889, 0.47161458333333334, 0.8703703703703703]",
11,7471000.jpg,"[0.3846354166666667, 0.5050925925925925, 0.590625, 0.7828703703703703]",d8a19ac5-02d6-49db-bd77-80da910d13e7,fully_visible,1.0,GIU-0480,,Brazil,,"[0.46822916666666664, 0.7106481481481481, 0.5203125, 0.7129629629629629, 0.5200520833333333, 0.7407407407407407, 0.46796875, 0.7388888888888889]",
17,4396025.jpg,"[0.7401041666666667, 0.6592592592592592, 0.9989583333333333, 0.9703703703703703]",e988a2e7-1d2e-4400-b1ec-365014949b5c,fully_visible,1.0,LTF6B00,,Brazil,,"[0.9486979166666667, 0.887962962962963, 0.9958333333333333, 0.8962962962962963, 0.9979166666666667, 0.924537037037037, 0.94921875, 0.9171296296296296]",
18,1187019.jpg,"[0.75859375, 0.6453703703703704, 0.8846354166666667, 0.8]",3092e898-ffca-4f3d-9506-76877336a8d5,fully_visible,1.0,GCI-4125,,Brazil,,"[0.828125, 0.7171296296296297, 0.8502604166666666, 0.7157407407407408, 0.8513020833333333, 0.7300925925925926, 0.82890625, 0.7310185185185185]",
19,1792023.jpg,"[0.3963541666666667, 0.6888888888888889, 0.45208333333333334, 0.8175925925925925]",6f954ac8-66e1-412a-a611-998661a44415,fully_visible,2.0,ESI%0683,,Brazil,,"[0.42135416666666664, 0.7337962962962963, 0.41953125, 0.750462962962963, 0.40625, 0.7467592592592592, 0.4083333333333333, 0.7310185185185185]",
27,2148000.jpg,"[0.4158854166666667, 0.44583333333333336, 0.5973958333333333, 0.6925925925925925]",ada565a6-3cf6-4ea2-b316-427b95c5986f,fully_visible,1.0,ELS-7575,,Brazil,,"[0.48932291666666666, 0.5912037037037037, 0.5307291666666667, 0.5902777777777778, 0.5296875, 0.5680555555555555, 0.48932291666666666, 0.5680555555555555]",
69,3069000.jpg,"[0.7223958333333333, 0.6680555555555555, 0.9372395833333333, 0.836574074074074]",77807ca9-cd7c-4086-8ed0-9629c6cbeb94,invisible,,,,Brazil,,,
2100,3069000.jpg,"[0.6677083333333333, 0.6421296296296296, 0.7703125, 0.7671296296296296]",34ee5385-8cc8-4172-9049-979abb8dd6e8,invisible,,,,Brazil,,,
2570,2114000.jpg,"[0.00078125, 0.5967592592592592, 0.06614583333333333, 0.7393518518518518]",2473b1f3-e380-453c-801a-a37a362f3932,invisible,,,,Brazil,,,
3363,1792023.jpg,"[0.434375, 0.6509259259259259, 0.5828125, 0.888425925925926]",6919db59-a0ed-42c3-9f8e-d7f309fdeb8e,fully_visible,1.0,FYM-5063,,Brazil,,"[0.4947916666666667, 0.7532407407407408, 0.4947916666666667, 0.7736111111111111, 0.5317708333333333, 0.775, 0.5309895833333333, 0.7550925925925925]",
3899,1792023.jpg,"[0.4822916666666667, 0.6175925925925926, 0.7283854166666667, 0.9824074074074074]",256264ee-772f-4412-8808-b7a0da11fc71,fully_visible,1.0,PYP-5727,,Brazil,,"[0.5979166666666667, 0.8574074074074074, 0.6520833333333333, 0.8578703703703704, 0.6528645833333333, 0.8893518518518518, 0.5984375, 0.8893518518518518]",
6018,3069000.jpg,"[0.48125, 0.6194444444444445, 0.5731770833333333, 0.6560185185185186]",d11b435e-cd67-410e-91bd-b50f4fbf25be,invisible,,,,Brazil,,,
7222,2601032.jpg,"[0.8044270833333333, 0.6578703703703703, 0.9989583333333333, 1.0032407407407407]",5ed0a1b1-9f75-47a8-a768-7a7199794805,invisible,,,,Brazil,,,
8423,1187019.jpg,"[0.5661458333333333, 0.6351851851851852, 0.6971354166666667, 0.836574074074074]",c7b28eff-374d-4fae-8501-0fe0fae24719,fully_visible,1.0,FEB-7153,,Brazil,,"[0.6174479166666667, 0.7680555555555556, 0.6174479166666667, 0.7865740740740741, 0.646875, 0.7888888888888889, 0.6466145833333333, 0.7703703703703704]",
9850,4396025.jpg,"[0.39427083333333335, 0.6314814814814815, 0.46171875, 0.7166666666666667]",c3fe935c-dec7-45be-b40d-5cf31bb4cca3,fully_visible,1.0,KYQ-6876,,Brazil,,"[0.41302083333333334, 0.6925925925925925, 0.4265625, 0.6921296296296297, 0.4265625, 0.6995370370370371, 0.41328125, 0.7]",
11692,4396025.jpg,"[0.8416666666666667, 0.49444444444444446, 0.9989583333333333, 0.6976851851851852]",8f3cb6e2-af72-4395-bbaf-576085a237ec,invisible,,,,Brazil,,,
13173,398000.jpg,"[0.15234375, 0.6423611111111112, 0.244140625, 0.7604166666666666]",737e24e8-67ba-40c8-bdd8-1bb3f9ba46ab,invisible,,,,Brazil,,,
14740,1792023.jpg,"[0.9567708333333333, 0.6995370370370371, 0.996875, 0.8625]",329c1cf6-dfd4-41ea-85c6-d6deb77a057c,invisible,,,,Brazil,,,
14827,2601032.jpg,"[0.0, 0.6231481481481481, 0.07994791666666666, 1.0050925925925926]",44adef5d-621e-490a-909e-ac56943bb2fd,invisible,,,,Brazil,,,
15847,4396025.jpg,"[0.6286458333333333, 0.649074074074074, 0.7614583333333333, 0.8157407407407408]",285e1a50-70ad-40ad-9465-3590b606aabf,fully_visible,1.0,LMI7G15,,Brazil,,"[0.7026041666666667, 0.7643518518518518, 0.7263020833333333, 0.7671296296296296, 0.7260416666666667, 0.7810185185185186, 0.70234375, 0.7777777777777778]",
16656,2114000.jpg,"[0.16692708333333334, 0.4337962962962963, 0.37786458333333334, 0.6541666666666667]",f146cc10-05f6-4b19-9761-1cacb79c6f21,fully_visible,1.0,QUP-8066,,Brazil,,"[0.19505208333333332, 0.5828703703703704, 0.22369791666666666, 0.5856481481481481, 0.22265625, 0.6055555555555555, 0.19453125, 0.6027777777777777]",
18754,3069000.jpg,"[0.44427083333333334, 0.6106481481481482, 0.65703125, 0.9527777777777777]",be0a8b7f-9f0d-4e6f-baa3-183edc0afca9,fully_visible,1.0,ENZ-4988,,Brazil,,"[0.5307291666666667, 0.7310185185185185, 0.5786458333333333, 0.7324074074074074, 0.57890625, 0.7611111111111111, 0.5307291666666667, 0.7597222222222222]",
19028,1187019.jpg,"[0.6755208333333333, 0.638425925925926, 0.7450520833333333, 0.749537037037037]",3aad2561-7f0d-4b78-a594-67f7e17662bb,fully_visible,1.0,EFW-7919,,Brazil,,"[0.7033854166666667, 0.7157407407407408, 0.7182291666666667, 0.7166666666666667, 0.7184895833333333, 0.725462962962963, 0.7036458333333333, 0.7245370370370371]",
21372,1187019.jpg,"[0.43828125, 0.5291666666666667, 0.47239583333333335, 0.5689814814814815]",98248d51-5c8f-4e6a-8278-0a7478a53fc0,invisible,,,,Brazil,,,
21688,3069000.jpg,"[0.8377604166666667, 0.6578703703703703, 0.9989583333333333, 1.0083333333333333]",0d288eb5-51ef-4bf1-b92f-c17634e1ad22,invisible,,,,Brazil,,,
23643,2114000.jpg,"[0.35234375, 0.4564814814814815, 0.4197916666666667, 0.5587962962962963]",1cdc881f-d07f-4b7a-805d-df8ea5be89db,partly_visible_no_text,,,,Brazil,,,
25652,1187019.jpg,"[0.60234375, 0.5935185185185186, 0.6395833333333333, 0.6439814814814815]",cf96ae17-fad4-41bf-8bb2-aaaf389902e6,invisible,,,,Brazil,,,
25920,1187019.jpg,"[0.7546875, 0.6453703703703704, 0.9940104166666667, 0.9356481481481481]",a5072b1e-1d54-4fec-a91a-080cf35ef30a,partly_visible_no_text,,,,Brazil,,,
30030,2601032.jpg,"[0.32786458333333335, 0.6212962962962963, 0.37786458333333334, 0.7064814814814815]",869511cd-b623-4664-b729-34e630230ae9,invisible,,,,Brazil,,,
33105,398000.jpg,"[0.0, 0.6854166666666667, 0.09765625, 0.7847222222222222]",bdf2144d-036b-4909-a157-a4f59d772791,invisible,,,,Brazil,,,
34318,1187019.jpg,"[0.00078125, 0.5430555555555555, 0.06614583333333333, 0.5916666666666667]",61813cea-bf0a-4d08-95b5-7f14faed731a,invisible,,,,Brazil,,,
35014,3069000.jpg,"[0.0, 0.6421296296296296, 0.10130208333333333, 0.8069444444444445]",012df3d0-d164-463d-a326-bc51afad3c4e,invisible,,,,Brazil,,,
36217,2601032.jpg,"[0.28489583333333335, 0.6282407407407408, 0.35234375, 0.7305555555555555]",17d23f34-6333-4d95-a4a4-55143401858a,invisible,,,,Brazil,,,
36374,1792023.jpg,"[0.05651041666666667, 0.6819444444444445, 0.14427083333333332, 0.7773148148148148]",fc0f03a3-4717-4873-9232-8d850b937011,invisible,,,,Brazil,,,
37918,1792023.jpg,"[0.7703125, 0.6370370370370371, 0.9989583333333333, 0.999537037037037]",4dfd0eff-2b4b-4c00-9354-4feb54d047af,invisible,,,,Brazil,,,
37923,2154018.jpg,"[0.4822916666666667, 0.638425925925926, 0.5106770833333333, 0.6995370370370371]",afc4170a-24ab-4ef5-b57b-b472635c4d47,partly_visible_no_text,,,,Brazil,,,
38399,2154018.jpg,"[0.3640625, 0.6370370370370371, 0.45390625, 0.7722222222222223]",c37f4161-6b32-4f0e-8e8a-454e9adbf2bb,partly_visible_no_text,,,,Brazil,,,
42951,7471000.jpg,"[0.002864583333333333, 0.48564814814814816, 0.33177083333333335, 0.7689814814814815]",de2cc5f7-b3fa-4587-8d94-7521363baaf0,fully_visible,1.0,EZE-8592,,Brazil,,"[0.04114583333333333, 0.6416666666666667, 0.08385416666666666, 0.6476851851851851, 0.08046875, 0.6814814814814815, 0.03828125, 0.674537037037037]",
43329,2154018.jpg,"[0.4315104166666667, 0.6439814814814815, 0.46848958333333335, 0.7375]",fc2b959a-4bde-4aed-8d68-f18dda751ca0,invisible,,,,Brazil,,,
44033,2601032.jpg,"[0.9109375, 0.6662037037037037, 0.9989583333333333, 0.8833333333333333]",b12bb9c7-0929-4814-a138-277349d37451,fully_visible,1.0,DIC-1870,,Brazil,,"[0.9565104166666667, 0.8143518518518519, 0.9955729166666667, 0.8203703703703704, 0.9955729166666667, 0.8425925925925926, 0.9559895833333333, 0.8356481481481481]",
48921,4396025.jpg,"[0.0036458333333333334, 0.649074074074074, 0.19114583333333332, 1.010185185185185]",74f8cafe-54d5-4646-9082-e6ed19d63a53,partly_visible_no_text,,,,Brazil,,,
51090,1792023.jpg,"[0.0, 0.6300925925925925, 0.1140625, 0.9787037037037037]",1d579194-ad43-43f4-a145-a334933cf5ad,invisible,,,,Brazil,,,
54179,7471000.jpg,"[0.3729166666666667, 0.5537037037037037, 0.40989583333333335, 0.6351851851851852]",5dd0dca1-7c59-4719-b1c6-7fad504c533a,invisible,,,,Brazil,,,
55280,1792023.jpg,"[0.22161458333333334, 0.638425925925926, 0.39427083333333335, 0.874537037037037]",1e88fdfe-409a-41b9-9c22-0e77e7c432ce,fully_visible,1.0,FUX-1880,,Brazil,,"[0.2716145833333333, 0.7921296296296296, 0.3067708333333333, 0.7912037037037037, 0.3059895833333333, 0.812037037037037, 0.27109375, 0.812962962962963]",
55565,1187019.jpg,"[0.24296875, 0.6370370370370371, 0.33177083333333335, 0.7185185185185186]",feae0a0a-db7b-4bc1-8beb-fc24de756d17,partly_visible_no_text,,,,Brazil,,,
56035,1792023.jpg,"[0.4236979166666667, 0.6370370370370371, 0.5067708333333333, 0.7689814814814815]",6a7b36cb-fdcb-433f-89db-5fbd8b8e2bfc,invisible,,,,Brazil,,,
57001,398000.jpg,"[0.4432291666666667, 0.562037037037037, 0.5135416666666667, 0.7027777777777777]",8bb67278-112b-439a-bb58-e384f2d46229,invisible,,,,Brazil,,,
58449,1187019.jpg,"[0.6296875, 0.6351851851851852, 0.7653645833333333, 0.8175925925925925]",53c0a8e5-f223-4781-8e48-35ea9065e98d,fully_visible,1.0,BAP-5493,,Brazil,,"[0.69609375, 0.7208333333333333, 0.721875, 0.7217592592592592, 0.72265625, 0.7347222222222223, 0.69609375, 0.7361111111111112]",
58661,2601032.jpg,"[0.35442708333333334, 0.6194444444444445, 0.42864583333333334, 0.7412037037037037]",14d574aa-7617-43a9-a2cb-98c064bcfe34,partly_visible,,,,Brazil,,,
60192,2601032.jpg,"[0.21380208333333334, 0.524074074074074, 0.76640625, 0.7532407407407408]",55258b3a-51af-4799-be52-2b256ffc521c,invisible,,,,Brazil,,,
61401,1187019.jpg,"[0.4783854166666667, 0.6402777777777777, 0.5994791666666667, 0.8435185185185186]",00089631-0c47-4aa6-8a53-2f49d77cc277,fully_visible,1.0,EUG-1512,,Brazil,,"[0.5216145833333333, 0.7291666666666666, 0.5502604166666667, 0.7291666666666666, 0.55078125, 0.7458333333333333, 0.5216145833333333, 0.7462962962962963]",
61438,1792023.jpg,"[0.7106770833333333, 0.6680555555555555, 0.8299479166666667, 0.8175925925925925]",f2da86a7-6f57-4df5-9368-72e7e744a5cf,invisible,,,,Brazil,,,
62724,3069000.jpg,"[0.0, 0.4597222222222222, 0.2791666666666667, 0.7912037037037037]",065bf538-68b1-40fd-a988-b26709569bbc,invisible,,,,Brazil,,,
64880,1792023.jpg,"[0.0, 0.5884259259259259, 0.2986979166666667, 0.9944444444444445]",b16b2b84-7804-43e2-b72c-27a413cf7134,invisible,,,,Brazil,,,
68041,398000.jpg,"[0.5096354166666667, 0.5953703703703703, 0.5966145833333333, 0.7305555555555555]",50eb5eab-e9b7-46e6-9f8c-fd67266e9cf7,fully_visible,1.0,EPU-0777,,Brazil,,"[0.5416666666666666, 0.6504629629629629, 0.5609375, 0.6509259259259259, 0.5611979166666666, 0.662962962962963, 0.54140625, 0.6620370370370371]",
69652,1792023.jpg,"[0.44427083333333334, 0.6768518518518518, 0.57890625, 0.8902777777777777]",764aa9c5-bf38-4679-84a6-ba1502416862,fully_visible,1.0,DFW-4221,,Brazil,,"[0.5291666666666667, 0.7754629629629629, 0.52890625, 0.7935185185185185, 0.49609375, 0.7925925925925926, 0.49661458333333336, 0.774537037037037]",
72405,4396025.jpg,"[0.3015625, 0.6212962962962963, 0.4197916666666667, 0.7912037037037037]",d4a6e267-7a0e-4358-89b7-7711da990739,partly_visible_no_text,,,,Brazil,,,
73421,2601032.jpg,"[0.0018229166666666667, 0.55, 0.21171875, 0.999537037037037]",a4196027-010b-4800-934f-89c72b120653,invisible,,,,Brazil,,,
74177,2154018.jpg,"[0.47552083333333334, 0.6370370370370371, 0.6481770833333333, 0.9041666666666667]",8beee1a8-1686-45ce-9264-71f7629f056d,fully_visible,1.0,KWE-8269,,Brazil,,"[0.5411458333333333, 0.8180555555555555, 0.5408854166666667, 0.8439814814814814, 0.5815104166666667, 0.8476851851851852, 0.5817708333333333, 0.8217592592592593]",
76852,2154018.jpg,"[0.6736979166666667, 0.6560185185185186, 0.8083333333333333, 0.8296296296296296]",96f2e3cb-8964-45ff-8a46-0c5fb535652a,invisible,,,,Brazil,,,
77225,398000.jpg,"[0.9109375, 0.6731481481481482, 0.9950520833333333, 0.825925925925926]",f20590ef-c6b6-499c-8be7-cab6932a84ba,invisible,,,,Brazil,,,
77578,3069000.jpg,"[0.5934895833333333, 0.5361111111111111, 0.72734375, 0.6888888888888889]",b85c2b68-3e4d-4427-8f01-458edd7d92d0,fully_visible,1.0,GDX-5208,,Brazil,,"[0.6770833333333334, 0.6106481481481482, 0.6994791666666667, 0.6092592592592593, 0.6981770833333333, 0.5944444444444444, 0.67578125, 0.5967592592592592]",
77843,1187019.jpg,"[0.8661458333333333, 0.6472222222222223, 0.9989583333333333, 0.999537037037037]",466c4c14-b54c-4d8e-9328-c6624ab72d1e,invisible,,,,Brazil,,,
82320,1187019.jpg,"[0.47630208333333335, 0.6421296296296296, 0.5263020833333333, 0.7652777777777777]",7388e29c-6352-4e2d-85e4-add4a85085a0,invisible,,,,Brazil,,,
82495,2154018.jpg,"[0.09557291666666666, 0.586574074074074, 0.40598958333333335, 0.9495370370370371]",bfb03b33-fbfa-4635-9604-ef709e323ddc,fully_visible,1.0,LUO1J10,,Brazil,,"[0.16848958333333333, 0.7425925925925926, 0.22005208333333334, 0.7439814814814815, 0.21588541666666666, 0.7726851851851851, 0.16588541666666667, 0.774074074074074]",
83334,3069000.jpg,"[0.39140625, 0.6194444444444445, 0.4510416666666667, 0.687037037037037]",c0c43b00-48e8-4ca8-9c50-1f05287c47ee,invisible,,,,Brazil,,,
87874,2601032.jpg,"[0.0, 0.6662037037037037, 0.030208333333333334, 0.7444444444444445]",e01e285e-faa9-43c9-a47e-3588d329485f,invisible,,,,Brazil,,,
88077,2114000.jpg,"[0.6151041666666667, 0.4199074074074074, 0.9919270833333333, 0.7134259259259259]",ecbebd98-0918-4349-ba51-c917e39a6e6e,fully_visible,1.0,EJA-9040,,Brazil,,"[0.9151041666666667, 0.625, 0.9200520833333333, 0.6685185185185185, 0.9609375, 0.6611111111111111, 0.95625, 0.6212962962962963]",
11,1740739.jpg,"[0.0, 0.4388888888888889, 0.13671875, 0.7388888888888889]",859f81e3-c6a2-4e13-b0e8-e461fc55231a,fully_visible,1.0,_BG_2172LN,,Serbia,,"[0.04765625, 0.6791666666666667, 0.103125, 0.6583333333333333, 0.103125, 0.6361111111111111, 0.04765625, 0.6555555555555556]",
151,105300195.jpg,"[0.396875, 0.5708333333333333, 0.60703125, 0.8222222222222222]",cae6ccb8-2d2c-48b5-9d03-b4fd2a49682b,fully_visible,1.0,_BG_1153LN,,Serbia,,"[0.46640625, 0.7513888888888889, 0.5359375, 0.7513888888888889, 0.5359375, 0.7263888888888889, 0.465625, 0.7277777777777777]",
205,49797120.jpg,"[0.48125, 0.5736111111111111, 0.70390625, 0.8902777777777777]",2bd727ad-8c77-497a-ae8e-80850d827cc6,fully_visible,1.0,_BG_1592LK,,Serbia,,"[0.546875, 0.7263888888888889, 0.54609375, 0.7541666666666667, 0.60859375, 0.7611111111111111, 0.609375, 0.7319444444444444]",
216,7910400.jpg,"[0.34375, 0.4625, 0.5453125, 0.7805555555555556]",1f701822-81a9-401f-9c98-71fa3d59f995,fully_visible,1.0,_BG_1513ZU,,Serbia,,"[0.4078125, 0.6625, 0.47421875, 0.6638888888888889, 0.47421875, 0.6916666666666667, 0.40625, 0.6861111111111111]",
230,399360962.jpg,"[0.415625, 0.5388888888888889, 0.609375, 0.8277777777777777]",467dd09a-cbbd-410b-af20-c29f744aba05,fully_visible,1.0,_BG_1443JG,,Serbia,,"[0.48515625, 0.6694444444444444, 0.540625, 0.6694444444444444, 0.540625, 0.6916666666666667, 0.48515625, 0.6902777777777778]",
233,226500274.jpg,"[0.375, 0.5555555555555556, 0.59453125, 0.8541666666666666]",fa429702-c2e9-4319-90d0-6d59d500a68e,fully_visible,1.0,_BG_1812SL,,Serbia,,"[0.515625, 0.7708333333333334, 0.515625, 0.8, 0.440625, 0.7930555555555555, 0.44140625, 0.7652777777777777]",
234,167340173.jpg,"[0.3890625, 0.6888888888888889, 0.66484375, 0.9972222222222222]",b420048b-42e4-41b1-9b38-353a0f58dfd5,fully_visible,1.0,_BG_593FV,,Serbia,,"[0.48671875, 0.9152777777777777, 0.58359375, 0.9138888888888889, 0.58359375, 0.8805555555555555, 0.4859375, 0.8861111111111111]",
236,252660408.jpg,"[0.41171875, 0.5347222222222222, 0.62265625, 0.8625]",438b0334-e389-4162-a548-7f860e578e0b,fully_visible,1.0,_BG_850FA,,Serbia,,"[0.484375, 0.6777777777777778, 0.484375, 0.7055555555555556, 0.54765625, 0.7055555555555556, 0.54765625, 0.6777777777777778]",
243,376020645.jpg,"[0.25234375, 0.5513888888888889, 0.553125, 0.9388888888888889]",c56399cf-c1e1-4422-8978-bfff66bc56cf,fully_visible,1.0,_BG_14142TX,,Serbia,,"[0.34375, 0.8194444444444444, 0.4453125, 0.8208333333333333, 0.4453125, 0.7819444444444444, 0.34296875, 0.7805555555555556]",
250,493380888.jpg,"[0.31015625, 0.5833333333333334, 0.5703125, 0.9194444444444444]",39b64163-46bb-4fb2-958b-4f631a664f3d,fully_visible,1.0,_BG_1126XH,,Serbia,,"[0.3828125, 0.7555555555555555, 0.4671875, 0.7555555555555555, 0.4671875, 0.7916666666666666, 0.38203125, 0.7902777777777777]",
1417,7910400.jpg,"[0.790625, 0.42777777777777776, 0.99765625, 0.8569444444444444]",cc962258-f55c-4607-ada9-2c49db51351f,fully_visible,1.0,_BG_696CR,,Serbia,,"[0.88125, 0.6444444444444445, 0.87890625, 0.6861111111111111, 0.95546875, 0.6888888888888889, 0.9578125, 0.65]",
3859,105300195.jpg,"[0.0, 0.6013888888888889, 0.11171875, 0.8333333333333334]",5732f1b9-1b95-4ddf-95dd-9a83f6257872,invisible,,,,Serbia,,,
4494,1740739.jpg,"[0.6234375, 0.3, 0.7046875, 0.3972222222222222]",bea20f19-371b-491b-9ff1-8f015642b1db,fully_visible_no_text,,,,Serbia,,"[0.62890625, 0.3625, 0.64140625, 0.3625, 0.64140625, 0.36944444444444446, 0.62890625, 0.36944444444444446]",
5169,7910400.jpg,"[0.73515625, 0.7027777777777777, 0.91171875, 0.8555555555555555]",811617ae-f59e-458e-b46a-c3c347cbea4f,fully_visible_no_text,,,,Serbia,,"[0.74453125, 0.7708333333333334, 0.75859375, 0.7708333333333334, 0.75859375, 0.7833333333333333, 0.7453125, 0.7833333333333333]",
6907,1740739.jpg,"[0.57890625, 0.6486111111111111, 0.65234375, 0.7597222222222222]",724289b6-b76f-43c9-ab2a-c507e24a900a,invisible,,,,Serbia,,,
7989,1740739.jpg,"[0.30078125, 0.4736111111111111, 0.42265625, 0.6625]",d9f5b730-e553-4a68-b3c9-189f9a59b202,fully_visible_no_text,,,,Serbia,,"[0.31328125, 0.6125, 0.3375, 0.6138888888888889, 0.33671875, 0.625, 0.31328125, 0.6236111111111111]",
11639,399360962.jpg,"[0.4515625, 0.6138888888888889, 0.5515625, 0.8291666666666667]",cd429c57-de56-4be8-9e05-8a6479ee6c40,fully_visible_no_text,,,,Serbia,,"[0.49296875, 0.7666666666666667, 0.51328125, 0.7666666666666667, 0.51328125, 0.7777777777777778, 0.49296875, 0.7777777777777778]",
11661,105300195.jpg,"[0.5796875, 0.23333333333333334, 0.82578125, 0.7861111111111111]",c092133c-059a-44c9-af4b-39f2a88109ee,fully_visible_no_text,,,,Serbia,,"[0.7203125, 0.6486111111111111, 0.7203125, 0.6625, 0.68203125, 0.6638888888888889, 0.68125, 0.6472222222222223]",
13429,493380888.jpg,"[0.42578125, 0.6430555555555556, 0.52109375, 0.8430555555555556]",6b4563c8-d3e8-421e-9241-c25af8fce445,fully_visible_no_text,,,,Serbia,,"[0.44296875, 0.7694444444444445, 0.4671875, 0.7708333333333334, 0.4671875, 0.7805555555555556, 0.44296875, 0.7791666666666667]",
14410,1740739.jpg,"[0.81875, 0.5763888888888888, 0.90703125, 0.6958333333333333]",cf1e78f6-9ff6-4220-813d-8204d98572da,fully_visible_no_text,,,,Serbia,,"[0.875, 0.6277777777777778, 0.88984375, 0.6277777777777778, 0.88984375, 0.6333333333333333, 0.87578125, 0.6347222222222222]",
15667,167340173.jpg,"[0.621875, 0.6333333333333333, 0.73203125, 0.7680555555555556]",cf88c77a-9342-4c4b-8162-3e2f4224e515,fully_visible_no_text,,,,Serbia,,"[0.68671875, 0.7055555555555556, 0.709375, 0.7027777777777777, 0.71015625, 0.7125, 0.68671875, 0.7138888888888889]",
17541,1740739.jpg,"[0.21640625, 0.5375, 0.33984375, 0.6833333333333333]",c4615c1b-598b-411c-8eaa-93242f83b954,fully_visible_no_text,,,,Serbia,,"[0.2671875, 0.6361111111111111, 0.26640625, 0.6486111111111111, 0.23984375, 0.6472222222222223, 0.240625, 0.6361111111111111]",
17549,1740739.jpg,"[0.0, 0.6319444444444444, 0.07109375, 0.7652777777777777]",f3dcd3c2-0cc6-466e-bc77-16564c4238ce,invisible,,,,Serbia,,,
20965,1740739.jpg,"[0.10625, 0.31666666666666665, 0.296875, 0.5152777777777777]",05484985-e618-4999-8672-e5ab967f6910,fully_visible_no_text,,,,Serbia,,"[0.1265625, 0.44027777777777777, 0.15390625, 0.44166666666666665, 0.1515625, 0.45694444444444443, 0.12421875, 0.45416666666666666]",
21652,167340173.jpg,"[0.48515625, 0.5277777777777778, 0.5875, 0.7083333333333334]",7157f147-7275-4c42-b0ab-025293a9b4a4,fully_visible_no_text,,,,Serbia,,"[0.53828125, 0.6333333333333333, 0.51171875, 0.6305555555555555, 0.5109375, 0.6416666666666667, 0.5375, 0.6444444444444445]",
24011,167340173.jpg,"[0.246875, 0.7013888888888888, 0.375, 0.8541666666666666]",49e901c4-c8d0-43d3-ac97-a9def4cdc54c,fully_visible_no_text,,,,Serbia,,"[0.2703125, 0.775, 0.2953125, 0.7777777777777778, 0.29453125, 0.7902777777777777, 0.2703125, 0.7861111111111111]",
24101,1740739.jpg,"[0.15, 0.55, 0.23203125, 0.6361111111111111]",bea0895b-df75-446e-b8d6-f1b7787662dc,fully_visible_no_text,,,,Serbia,,"[0.1875, 0.625, 0.1984375, 0.625, 0.1984375, 0.6319444444444444, 0.1875, 0.6319444444444444]",
24121,493380888.jpg,"[0.77734375, 0.6902777777777778, 0.87109375, 0.7916666666666666]",43871294-f242-45e5-9c9f-db1854f55015,invisible,,,,Serbia,,,
26603,7910400.jpg,"[0.45859375, 0.5236111111111111, 0.5484375, 0.7527777777777778]",c2e4053c-da0a-4803-bf92-72a0606ca597,fully_visible_no_text,,,,Serbia,,"[0.49375, 0.7166666666666667, 0.49375, 0.725, 0.5125, 0.725, 0.5125, 0.7180555555555556]",
29079,167340173.jpg,"[0.0, 0.5, 0.115625, 0.7430555555555556]",62168788-626d-4daa-8da3-4d53bb62788a,invisible,,,,Serbia,,,
31669,1740739.jpg,"[0.00625, 0.6208333333333333, 0.07890625, 0.7527777777777778]",08a51a4d-4ea8-40b5-83b7-30bc31f33ac0,invisible,,,,Serbia,,,
32240,1740739.jpg,"[0.10234375, 0.6611111111111111, 0.24453125, 0.7708333333333334]",b7b4c939-3b38-4935-8869-b49d53bcbaa0,fully_visible_no_text,,,,Serbia,,"[0.11171875, 0.7291666666666666, 0.1125, 0.7388888888888889, 0.12890625, 0.7416666666666667, 0.12890625, 0.7319444444444444]",
33639,1740739.jpg,"[0.609375, 0.5722222222222222, 0.70546875, 0.6777777777777778]",2c810448-51b2-4f65-877b-15e7778f45b0,fully_visible_no_text,,,,Serbia,,"[0.66875, 0.6375, 0.66875, 0.6430555555555556, 0.6859375, 0.6458333333333334, 0.6859375, 0.6388888888888888]",
34731,1740739.jpg,"[0.1296875, 0.41388888888888886, 0.27109375, 0.5666666666666667]",527aaf82-e3cb-4f10-b148-2e2b435a9f69,fully_visible_no_text,,,,Serbia,,"[0.24375, 0.5388888888888889, 0.26484375, 0.5333333333333333, 0.2640625, 0.5222222222222223, 0.24296875, 0.5263888888888889]",
35523,1740739.jpg,"[0.746875, 0.6055555555555555, 0.99609375, 0.9583333333333334]",96343510-46e3-4f30-b758-10c936dbb02c,invisible,,,,Serbia,,,
35693,49797120.jpg,"[0.88359375, 0.5180555555555556, 0.9984375, 0.8833333333333333]",200a28a8-edbe-43a0-a474-3307979e8f4d,invisible,,,,Serbia,,,
35750,493380888.jpg,"[0.5765625, 0.5708333333333333, 0.68984375, 0.75]",bfd43729-a9ab-42b2-af77-b01aa7c98655,fully_visible_no_text,,,,Serbia,,"[0.62578125, 0.6597222222222222, 0.62578125, 0.6736111111111112, 0.65859375, 0.6736111111111112, 0.65859375, 0.6583333333333333]",
36624,252660408.jpg,"[0.828125, 0.5902777777777778, 0.9109375, 0.7291666666666666]",370e0e0b-6d70-46b1-86f1-6cb4f36720bd,fully_visible_no_text,,,,Serbia,,"[0.89140625, 0.6902777777777778, 0.89140625, 0.7, 0.86953125, 0.7027777777777777, 0.86953125, 0.6930555555555555]",
37935,1740739.jpg,"[0.428125, 0.6041666666666666, 0.55546875, 0.8361111111111111]",bf781278-1f1f-4dc1-ba67-68656eed67b2,fully_visible_no_text,,,,Serbia,,"[0.4546875, 0.7361111111111112, 0.4890625, 0.7388888888888889, 0.48984375, 0.7208333333333333, 0.45546875, 0.7194444444444444]",
38429,1740739.jpg,"[0.7109375, 0.49027777777777776, 0.9078125, 0.6986111111111111]",5715f953-363f-4588-9cd7-98a198ab5533,invisible,,,,Serbia,,,
39791,1740739.jpg,"[0.73828125, 0.5916666666666667, 0.9984375, 0.9402777777777778]",6ef4ac15-fe6d-4c91-b895-932fe243e6c3,invisible,,,,Serbia,,,
42030,1740739.jpg,"[0.8171875, 0.49722222222222223, 0.996875, 0.7944444444444444]",3ff3d469-e884-416b-ad85-2ab76683e1ba,fully_visible_no_text,,,,Serbia,,"[0.89921875, 0.6361111111111111, 0.95625, 0.6291666666666667, 0.95625, 0.6541666666666667, 0.89921875, 0.6611111111111111]",
43350,49797120.jpg,"[0.90703125, 0.6055555555555555, 0.9984375, 0.8013888888888889]",5fcfa6b2-0627-4a6c-bb9f-a28595c096da,fully_visible_no_text,,,,Serbia,,"[0.93984375, 0.6888888888888889, 0.97734375, 0.6902777777777778, 0.97734375, 0.7069444444444445, 0.9390625, 0.7069444444444445]",
44396,105300195.jpg,"[0.49765625, 0.5638888888888889, 0.56875, 0.6666666666666666]",99d89e17-b796-406e-b13d-69a51f238055,fully_visible_no_text,,,,Serbia,,"[0.52265625, 0.6055555555555555, 0.54375, 0.6069444444444444, 0.54375, 0.6152777777777778, 0.52265625, 0.6138888888888889]",
44565,167340173.jpg,"[0.653125, 0.5833333333333334, 0.83828125, 0.7944444444444444]",4ebec485-3e60-4a7a-90de-a76a91d6ba74,fully_visible_no_text,,,,Serbia,,"[0.81328125, 0.7416666666666667, 0.7734375, 0.7486111111111111, 0.77265625, 0.7305555555555555, 0.8125, 0.725]",
44795,252660408.jpg,"[0.64921875, 0.5805555555555556, 0.86015625, 0.8125]",8d64445d-40ff-428d-b04b-1ee274834bb4,fully_visible,1.0,_BG_484KX,,Serbia,,"[0.778125, 0.7527777777777778, 0.825, 0.7472222222222222, 0.825, 0.7708333333333334, 0.77890625, 0.7777777777777778]",
47714,1740739.jpg,"[0.0, 0.46944444444444444, 0.14609375, 0.7430555555555556]",1f8e8334-8ac7-40be-80c8-755c190fe6ff,invisible,,,,Serbia,,,
48951,167340173.jpg,"[0.02578125, 0.6430555555555556, 0.27421875, 0.9236111111111112]",7cfa6aa6-a469-4d26-851f-68ccd1d78cca,fully_visible_no_text,,,,Serbia,,"[0.046875, 0.7291666666666666, 0.07421875, 0.7458333333333333, 0.07109375, 0.7625, 0.04375, 0.7472222222222222]",
51824,1740739.jpg,"[0.44140625, 0.5652777777777778, 0.509375, 0.6597222222222222]",ecbcccac-cf31-4970-8d12-3d6a934826b6,fully_visible_no_text,,,,Serbia,,"[0.4625, 0.6319444444444444, 0.48046875, 0.6333333333333333, 0.48046875, 0.6263888888888889, 0.4625, 0.6236111111111111]",
53328,1740739.jpg,"[0.08203125, 0.6138888888888889, 0.25234375, 0.7652777777777777]",9b40d774-93d7-4155-b3da-cfc2a7f2f59c,fully_visible_no_text,,,,Serbia,,"[0.23515625, 0.725, 0.24609375, 0.725, 0.246875, 0.7361111111111112, 0.234375, 0.7361111111111112]",
55291,1740739.jpg,"[0.69921875, 0.5652777777777778, 0.99765625, 0.9180555555555555]",1b4cd067-2b87-4998-9fc7-97af48af5a07,invisible,,,,Serbia,,,
57182,493380888.jpg,"[0.734375, 0.5736111111111111, 0.996875, 0.9194444444444444]",d9180f17-43bf-48ee-a979-bfb7d4da5beb,invisible,,,,Serbia,,,
58926,1740739.jpg,"[0.33046875, 0.5458333333333333, 0.41484375, 0.6541666666666667]",ba40b285-bd56-40bd-9661-08ed590b401a,fully_visible_no_text,,,,Serbia,,"[0.36640625, 0.6208333333333333, 0.36640625, 0.6277777777777778, 0.3484375, 0.6263888888888889, 0.34921875, 0.6194444444444445]",
58949,1740739.jpg,"[0.18203125, 0.4111111111111111, 0.29921875, 0.49027777777777776]",08314eaa-1663-4b84-814c-5937989a5e53,invisible,,,,Serbia,,,
60492,1740739.jpg,"[0.38046875, 0.6152777777777778, 0.4890625, 0.6833333333333333]",d91fc409-2a8e-4af0-bf90-4bcae5e9ff05,invisible,,,,Serbia,,,
60719,493380888.jpg,"[0.64453125, 0.7291666666666666, 0.765625, 0.8097222222222222]",0db1a3e0-3073-4dc6-b044-639c753ee066,invisible,,,,Serbia,,,
63478,7910400.jpg,"[0.33828125, 0.7236111111111111, 0.415625, 0.8152777777777778]",58f350a1-2d7d-4e46-bc38-85985b9b0962,fully_visible_no_text,,,,Serbia,,"[0.35625, 0.7777777777777778, 0.35625, 0.7861111111111111, 0.37421875, 0.7861111111111111, 0.3734375, 0.7791666666666667]",
66801,1740739.jpg,"[0.3125, 0.5930555555555556, 0.43203125, 0.6625]",5d2996d2-1d2e-4944-890c-da45ef39b13d,invisible,,,,Serbia,,,
68001,1740739.jpg,"[0.3265625, 0.6555555555555556, 0.4109375, 0.7527777777777778]",869e4abf-4790-4475-b2f8-2f59c34fe624,fully_visible_no_text,,,,Serbia,,"[0.34296875, 0.7180555555555556, 0.34296875, 0.7263888888888889, 0.36015625, 0.7263888888888889, 0.359375, 0.7180555555555556]",
68597,49797120.jpg,"[0.75859375, 0.5708333333333333, 0.859375, 0.6958333333333333]",21d7ad3f-9139-4f19-87eb-31417cefe2ec,fully_visible_no_text,,,,Serbia,,"[0.78046875, 0.6277777777777778, 0.78046875, 0.6361111111111111, 0.803125, 0.6361111111111111, 0.803125, 0.6277777777777778]",
69161,49797120.jpg,"[0.70078125, 0.6277777777777778, 0.8046875, 0.7569444444444444]",e7df9783-b0d1-45c1-888e-f29ee97c1ead,fully_visible_no_text,,,,Serbia,,"[0.72421875, 0.7180555555555556, 0.75, 0.7194444444444444, 0.75, 0.7347222222222223, 0.7234375, 0.7319444444444444]",
72551,7910400.jpg,"[0.8328125, 0.6944444444444444, 0.996875, 0.9055555555555556]",3c54e51a-5f76-40f0-8494-4e55b1aff31d,fully_visible_no_text,,,,Serbia,,"[0.8390625, 0.8194444444444444, 0.86796875, 0.825, 0.86796875, 0.8416666666666667, 0.83984375, 0.8347222222222223]",
74748,399360962.jpg,"[0.246875, 0.5875, 0.39296875, 0.7527777777777778]",2815d3de-9a7f-4ce2-9543-782dea34a0cf,fully_visible_no_text,,,,Serbia,,"[0.27890625, 0.6638888888888889, 0.278125, 0.6777777777777778, 0.3109375, 0.6819444444444445, 0.3109375, 0.6638888888888889]",
75249,252660408.jpg,"[0.83203125, 0.6194444444444445, 0.9984375, 0.9472222222222222]",d05322a7-83a1-4979-97f4-61266d35437f,invisible,,,,Serbia,,,
75459,1740739.jpg,"[0.74765625, 0.5916666666666667, 0.8265625, 0.6666666666666666]",929ce232-3967-45c6-a1ed-272bbaf7b362,invisible,,,,Serbia,,,
75698,1740739.jpg,"[0.0, 0.6, 0.05625, 0.7958333333333333]",e9089178-1638-4362-a8ad-262413186289,fully_visible_no_text,,,,Serbia,,"[0.0296875, 0.6944444444444444, 0.0296875, 0.7097222222222223, 0.0125, 0.7097222222222223, 0.01328125, 0.6944444444444444]",
76268,1740739.jpg,"[0.625, 0.6222222222222222, 0.77890625, 0.8013888888888889]",e31391b9-1234-4c46-bf17-6c4e985aaeda,fully_visible_no_text,,,,Serbia,,"[0.71953125, 0.7222222222222222, 0.74765625, 0.7166666666666667, 0.7484375, 0.7263888888888889, 0.7203125, 0.7305555555555555]",
10,0001882.jpg,"[0.25157894736842107, 0.24982456140350878, 0.9010526315789473, 0.9501754385964912]",21c69e79-799a-48d9-aff5-06b3653a0c1d,fully_visible,1.0,_NI_148YĐ,,Serbia,,"[0.5373684210526316, 0.5684210526315789, 0.7357894736842105, 0.5592982456140351, 0.7373684210526316, 0.624561403508772, 0.5389473684210526, 0.6336842105263157]",
11,0087658.jpg,"[0.09513888888888888, 0.14166666666666666, 0.8972222222222223, 0.9138888888888889]",bd6ecfdd-b5ff-44a7-8078-53910ab42f19,fully_visible,1.0,_SA_023MN,,Serbia,,"[0.15138888888888888, 0.674074074074074, 0.2875, 0.7361111111111112, 0.2861111111111111, 0.7805555555555556, 0.14930555555555555, 0.7166666666666667]",
12,0078056.jpg,"[0.027777777777777776, 0.21296296296296297, 0.9701388888888889, 0.8472222222222222]",74186d44-e2b4-4ac4-9a89-afbe6e9d2b2b,fully_visible,1.0,_BG_1576RR,,Serbia,,"[0.7840277777777778, 0.6592592592592592, 0.7840277777777778, 0.7046296296296296, 0.9090277777777778, 0.6962962962962963, 0.9104166666666667, 0.6537037037037037]",
13,0091151.jpg,"[0.12166666666666667, 0.1988888888888889, 0.8891666666666667, 0.93]",12671c46-019e-444b-b47e-23c72bc860be,fully_visible,1.0,_SU_037LL,,Serbia,,"[0.195, 0.6544444444444445, 0.19333333333333333, 0.7177777777777777, 0.32666666666666666, 0.7788888888888889, 0.33, 0.7044444444444444]",
14,0018644.jpg,"[0.1822721598002497, 0.33910891089108913, 0.7933832709113608, 0.8217821782178217]",516fd55b-d74f-4785-82a5-07e17c51d6a7,fully_visible,1.0,_NV_006GR,,Serbia,,"[0.2752808988764045, 0.6633663366336634, 0.4044943820224719, 0.6608910891089109, 0.4051186017478152, 0.7070957095709571, 0.2752808988764045, 0.7054455445544554]",
15,0013693.jpg,"[0.08055555555555556, 0.12314814814814815, 0.9548611111111112, 0.950925925925926]",5ed1a6e6-7f34-4902-8aa2-8b4298dab6c0,fully_visible,1.0,_BG_469ĐH,,Serbia,,"[0.6770833333333334, 0.8231481481481482, 0.8409722222222222, 0.7611111111111111, 0.8243055555555555, 0.8027777777777778, 0.6618055555555555, 0.8740740740740741]",
16,0003049.jpg,"[0.07291666666666667, 0.09166666666666666, 0.9138888888888889, 0.9314814814814815]",5ba7d554-4ae7-400d-ae9e-4549ae1288ed,fully_visible,1.0,_BG_1629RV,,Serbia,,"[0.5229166666666667, 0.6546296296296297, 0.7395833333333334, 0.6731481481481482, 0.7361111111111112, 0.7435185185185185, 0.5236111111111111, 0.7240740740740741]",
17,0009965.jpg,"[0.10138888888888889, 0.30277777777777776, 0.9409722222222222, 0.9092592592592592]",778eac85-e607-4e57-aa17-7d57d14d9105,fully_visible,1.0,_NI_258NI,,Serbia,,"[0.2611111111111111, 0.6759259259259259, 0.4270833333333333, 0.6833333333333333, 0.42777777777777776, 0.7305555555555555, 0.25763888888888886, 0.7240740740740741]",
18,0021191.jpg,"[0.058333333333333334, 0.06759259259259259, 0.8923611111111112, 0.95]",cdd5d0a5-f736-49fd-a9ad-c8a37b848ad0,fully_visible,1.0,_BG_1833LO,,Serbia,,"[0.4131944444444444, 0.6574074074074074, 0.6451388888888889, 0.6611111111111111, 0.6451388888888889, 0.7240740740740741, 0.41388888888888886, 0.7185185185185186]",
19,0006722.jpg,"[0.1, 0.13148148148148148, 0.9645833333333333, 0.9074074074074074]",9f5714f4-27f8-4926-a004-baff03b8e508,fully_visible,1.0,_BG_1445BI,,Serbia,,"[0.29375, 0.42685185185185187, 0.5083333333333333, 0.42962962962962964, 0.5034722222222222, 0.5092592592592593, 0.2861111111111111, 0.5]",
10,0115860.jpg,"[0.20576540755467196, 0.1676602086438152, 0.8737574552683897, 0.9456035767511177]",1b72108e-8686-490e-baf2-474013edc87e,fully_visible,1.0,FFG284,,Lithuania,,"[0.32703777335984097, 0.8539493293591655, 0.39065606361829025, 0.8502235469448585, 0.39165009940357853, 0.8710879284649776, 0.3275347912524851, 0.8740685543964233]",
11,0016678.jpg,"[0.06049004594180704, 0.175990675990676, 0.9226646248085758, 0.9347319347319347]",454c36ec-e982-4434-9af9-410b2043045f,fully_visible,1.0,GRH391,,Lithuania,,"[0.6891271056661562, 0.6153846153846154, 0.7924961715160797, 0.6142191142191142, 0.7963246554364471, 0.6503496503496503, 0.6937212863705973, 0.6585081585081585]",
12,0004980.jpg,"[0.08898678414096917, 0.1845102505694761, 0.986784140969163, 0.9225512528473804]",4a548ff5-e2fc-4e14-b2c6-66640db40689,fully_visible,1.0,KCL094,,Lithuania,,"[0.5594713656387665, 0.6651480637813212, 0.7709251101321586, 0.6697038724373576, 0.7709251101321586, 0.7198177676537585, 0.560352422907489, 0.724373576309795]",
13,0001582.jpg,"[0.23819444444444443, 0.014814814814814815, 0.9722222222222222, 0.9861111111111112]",46762d3f-d7ed-44d0-8e77-baecd8831cc7,fully_visible,1.0,OH517,,Lithuania,,"[0.60625, 0.8851851851851852, 0.7256944444444444, 0.8898148148148148, 0.7256944444444444, 0.9324074074074075, 0.6069444444444444, 0.9287037037037037]",
14,0016583.jpg,"[0.08819444444444445, 0.26296296296296295, 0.9125, 0.8657407407407407]",fb34ad13-b4d1-4402-aaac-9587c7757972,fully_visible,1.0,LJP324,,Lithuania,,"[0.6833333333333333, 0.5601851851851852, 0.6895833333333333, 0.6212962962962963, 0.8208333333333333, 0.6092592592592593, 0.8152777777777778, 0.5537037037037037]",
15,0035180.jpg,"[0.20693222969477496, 0.12123241795043536, 0.9389549922400414, 0.9490957803081045]",fdd58f3b-e23c-4d10-b455-ea6d75fc4041,fully_visible,1.0,FBG944,,Lithuania,,"[0.4702534919813761, 0.8432685867381112, 0.380237972064149, 0.8466175485599464, 0.3817899637868598, 0.8747488278633624, 0.47232281427832384, 0.8740790354989953]",
16,0107248.jpg,"[0.12883435582822086, 0.13813229571984437, 0.8466257668711656, 0.8832684824902723]",37e64edb-7718-4752-8351-2e28b84c821d,fully_visible,1.0,HBM269,,Lithuania,,"[0.6392638036809816, 0.6926070038910506, 0.6392638036809816, 0.7431906614785992, 0.7558282208588957, 0.7159533073929961, 0.7521472392638037, 0.6731517509727627]",
17,0068491.jpg,"[0.1275, 0.05333333333333334, 0.8441666666666666, 0.9222222222222223]",a4925405-60f5-4212-87e9-31ea5dff160f,fully_visible,1.0,HUT358,,Lithuania,,"[0.5233333333333333, 0.8, 0.6183333333333333, 0.81, 0.6208333333333333, 0.7855555555555556, 0.525, 0.7755555555555556]",
18,0010439.jpg,"[0.02029664324746292, 0.343520782396088, 0.8813427010148321, 0.9596577017114915]",59d1d0dd-b8ee-4a08-b7d4-678294cc8cf2,fully_visible,1.0,KTD266,,Lithuania,,"[0.7595628415300546, 0.7542787286063569, 0.8454332552693209, 0.7249388753056235, 0.8469945355191257, 0.7677261613691931, 0.7619047619047619, 0.7970660146699267]",
19,0102864.jpg,"[0.08, 0.13367875647668392, 0.934375, 0.9326424870466321]",e56f9def-7c06-4468-88f7-0d618eafc5be,fully_visible,1.0,GEU519,,Lithuania,,"[0.708125, 0.7015544041450777, 0.828125, 0.689119170984456, 0.8275, 0.7440414507772021, 0.70625, 0.7575129533678756]",
10,0015069.jpg,"[0.5284191829484902, 0.5120910384068279, 0.977797513321492, 0.9075391180654339]",e13a3549-480c-43bf-9c5a-c660e3dc7023,fully_visible,1.0,ORU-787,,Finland,,"[0.8472468916518651, 0.7069701280227596, 0.8481349911190054, 0.7467994310099573, 0.9103019538188277, 0.7396870554765291, 0.9085257548845471, 0.7041251778093883]",
11,0018232.jpg,"[0.02638888888888889, 0.24944567627494457, 0.9569444444444445, 0.9600886917960089]",5eb33329-608c-419b-891e-798626c30190,fully_visible,1.0,YBV-603,,Finland,,"[0.13680555555555557, 0.7161862527716186, 0.23055555555555557, 0.7328159645232816, 0.2298611111111111, 0.7926829268292683, 0.13819444444444445, 0.7738359201773836]",
12,0006835.jpg,"[0.026217228464419477, 0.28103837471783294, 0.998501872659176, 0.9413092550790068]",2157f1c2-02fa-487f-8e0c-c6f9d41c9046,fully_visible,1.0,KTA-412,,Finland,,"[0.7827715355805244, 0.6162528216704289, 0.8659176029962546, 0.6038374717832957, 0.8681647940074907, 0.6501128668171557, 0.7872659176029962, 0.6636568848758465]",
13,0004802.jpg,"[0.20347222222222222, 0.17314814814814813, 0.7319444444444444, 0.7268518518518519]",eae8d127-a2bf-4ba0-843f-0c0d910bd643,fully_visible,1.0,UZG-599,,Finland,,"[0.32222222222222224, 0.6037037037037037, 0.3236111111111111, 0.5574074074074075, 0.4354166666666667, 0.5685185185185185, 0.4361111111111111, 0.612037037037037]",
14,0001281.jpg,"[0.08541666666666667, 0.2611111111111111, 0.9319444444444445, 0.8740740740740741]",62848314-a8cd-4fd5-a40a-8c717ed80bb4,fully_visible,1.0,IMS-669,,Finland,,"[0.7013888888888888, 0.6453703703703704, 0.8145833333333333, 0.6472222222222223, 0.8166666666666667, 0.6925925925925925, 0.7041666666666667, 0.6907407407407408]",
15,0003059.jpg,"[0.0716037273173124, 0.17300131061598953, 0.9347719470328593, 0.7693315858453473]",3e866bfa-39e0-48e3-8849-f3366dde4c61,fully_visible,1.0,CLS-848,,Finland,,"[0.1569396763119176, 0.42857142857142855, 0.25502697400686614, 0.44495412844036697, 0.2511034820990682, 0.5111402359108781, 0.15301618440411965, 0.4895150720838794]",
16,0009654.jpg,"[0.11669921875, 0.3241279069767442, 0.89208984375, 0.9520348837209303]",8a98ef4d-2fdf-4dce-b227-e80cb2edc4c9,fully_visible,1.0,KOY-913,,Finland,,"[0.625, 0.6061046511627907, 0.744140625, 0.5886627906976745, 0.75, 0.6351744186046512, 0.63134765625, 0.6540697674418605]",
17,0008416.jpg,"[0.14165497896213183, 0.16189536031589338, 0.7938288920056101, 0.87857847976308]",13f6c42b-14a8-4755-a26d-5d481166bc34,fully_visible,1.0,BZV-227,,Finland,,"[0.35133239831697055, 0.6288252714708786, 0.49228611500701264, 0.6199407699901284, 0.4943899018232819, 0.6752221125370188, 0.3541374474053296, 0.6811451135241856]",
18,0007436.jpg,"[0.15208333333333332, 0.33611111111111114, 0.9333333333333333, 0.9444444444444444]",be06deb2-1c65-45fd-95b4-659a318d68ea,fully_visible,1.0,RRB-290,,Finland,,"[0.23958333333333334, 0.725, 0.36180555555555555, 0.7305555555555555, 0.36041666666666666, 0.7842592592592592, 0.23541666666666666, 0.7731481481481481]",
19,0001268.jpg,"[0.08333333333333333, 0.36628849270664504, 0.7885572139303483, 0.9594813614262561]",b8ebcca5-2a4a-4d5f-baa5-1b8cba5fa622,fully_visible,1.0,JKC-376,,Finland,,"[0.32587064676616917, 0.6061588330632091, 0.5211442786069652, 0.6094003241491086, 0.5161691542288557, 0.6774716369529984, 0.3208955223880597, 0.6726094003241491]",
10,Abu Dhabi__6 94000__11870.jpg,"[0.08958, 0.23148, 0.91667, 0.90741]",a7baa380-6cfd-475c-80c4-66550ebf9f62,fully_visible,1.0,94000,6,United Arab Emirates,,"[0.17539, 0.57243, 0.27749, 0.59686, 0.28272, 0.55323, 0.17932, 0.53403]",Abu_Dhabi
11,Abu Dhabi__13 94120__7383.jpg,"[0.07778, 0.28056, 0.95972, 0.89444]",bb22298b-c74b-4ece-be0b-6e0fc4514868,fully_visible,1.0,94120,13,United Arab Emirates,,"[0.76657, 0.67787, 0.76459, 0.71661, 0.87617, 0.70516, 0.87815, 0.66907]",Abu_Dhabi
12,Dubai__V 49220__4775.jpg,"[0.04437, 0.42174, 0.945, 0.93065]",7d671819-e260-4c25-9950-2de72f8bf020,fully_visible,1.0,49220,v,United Arab Emirates,,"[0.7012, 0.65916, 0.7012, 0.70695, 0.83533, 0.70098, 0.83134, 0.65318]",Dubai
13,Dubai__D 65777__12233.jpg,"[0.09514, 0.25093, 0.88819, 0.875]",9b8b7e73-0f9d-4d1c-b29b-7e6670a380ed,fully_visible,1.0,65777,d,United Arab Emirates,,"[0.592, 0.58508, 0.75669, 0.56666, 0.75209, 0.51444, 0.58739, 0.53287]",Dubai
14,Dubai__T 3972__8943.jpg,"[0.1, 0.13981, 0.90694, 0.88333]",20ba5f2f-bd0f-4458-a891-52a89366e94c,fully_visible,1.0,3972,t,United Arab Emirates,,"[0.23166, 0.66482, 0.43418, 0.68953, 0.43286, 0.76365, 0.23298, 0.73012]",Dubai
15,Dubai__L 16710__5103.jpg,"[0.09722, 0.3, 0.85417, 0.91667]",1e464763-5cd3-4242-906d-af3f6de930d7,fully_visible,1.0,16710,l,United Arab Emirates,,"[0.64636, 0.78411, 0.71126, 0.77881, 0.71258, 0.73289, 0.64503, 0.73819]",Dubai
16,Dubai__T 75738__7895.jpg,"[0.08819, 0.30185, 0.92083, 0.92037]",18ec8a15-a7ee-49a5-b228-88fee6424169,fully_visible,1.0,75738,t,United Arab Emirates,,"[0.30963, 0.72795, 0.30863, 0.78313, 0.16852, 0.7479, 0.16952, 0.69471]",Dubai
17,Dubai__J 35357__2978.jpg,"[0.1425, 0.16222, 0.9275, 0.92778]",b3fe3e16-68bf-419a-af03-277a2a15ae6b,fully_visible,1.0,35357,j,United Arab Emirates,,"[0.38083, 0.71088, 0.38214, 0.78792, 0.28365, 0.77216, 0.28234, 0.69687]",Dubai
18,Abu Dhabi__15 47361__6880.jpg,"[0.14938, 0.14917, 0.89062, 0.89917]",d2564104-433e-4b89-8b18-056e1623e29d,fully_visible,1.0,47361,15,United Arab Emirates,,"[0.84197, 0.64807, 0.83798, 0.70474, 0.67729, 0.77379, 0.68127, 0.70651]",Abu_Dhabi
19,Dubai__N 6152__6105.jpg,"[0.15, 0.38889, 0.86458, 0.94074]",fa8e30fe-10f7-443f-b087-a004b875d739,fully_visible,1.0,6152,n,United Arab Emirates,,"[0.27684, 0.62112, 0.39397, 0.63177, 0.39264, 0.66548, 0.27551, 0.65661]",Dubai
67,179589120.jpg,"[0.00625, 0.5875, 0.225, 1.0041666666666667]",b6b481f0-c8b4-4b98-ba9d-82aed545ee33,fully_visible,2.0,%16851,15,United Arab Emirates,,"[0.1359375, 0.8194444444444444, 0.1703125, 0.8138888888888889, 0.171875, 0.8555555555555555, 0.13828125, 0.8638888888888889]",
87,1689600.jpg,"[0.1984375, 0.5138888888888888, 0.3953125, 0.8888888888888888]",02a71b6e-be8b-4d95-b148-9255c45fabf4,fully_visible,1.0,40085,n,United Arab Emirates,,"[0.25078125, 0.7388888888888889, 0.29921875, 0.7402777777777778, 0.29921875, 0.7569444444444444, 0.25, 0.7583333333333333]",
109,49433600.jpg,"[0.07421875, 0.5777777777777777, 0.3, 0.8402777777777778]",2ca37c49-1f4c-4399-80f1-6f55dfa74aff,fully_visible,1.0,65411,f,United Arab Emirates,,"[0.10078125, 0.7111111111111111, 0.1, 0.7430555555555556, 0.140625, 0.7444444444444445, 0.14140625, 0.7125]",
157,108072960.jpg,"[0.671875, 0.6638888888888889, 0.99609375, 0.9833333333333333]",0deb20ec-dfbb-481a-bb52-027a5493df33,fully_visible,1.0,90381,undefined,United Arab Emirates,,"[0.8890625, 0.7777777777777778, 0.92421875, 0.7763888888888889, 0.928125, 0.8055555555555556, 0.89453125, 0.8069444444444445]",
159,31365120.jpg,"[0.0171875, 0.6083333333333333, 0.3203125, 1.0]",8d9e5e7f-e916-4339-a4f4-3156363e90ec,fully_visible,1.0,69337,a,United Arab Emirates,,"[0.18125, 0.7930555555555555, 0.18125, 0.8277777777777777, 0.10234375, 0.8277777777777777, 0.10390625, 0.7930555555555555]",
168,11460449.jpg,"[0.4234375, 0.4986111111111111, 0.58203125, 0.775]",e4ac1d1a-22b3-4b5e-ba27-c134f5f62ff5,fully_visible,2.0,%46742,17,United Arab Emirates,,"[0.4890625, 0.6972222222222222, 0.48984375, 0.7277777777777777, 0.521875, 0.7263888888888889, 0.52109375, 0.6986111111111111]",
182,34283520.jpg,"[0.4453125, 0.6083333333333333, 0.615625, 0.8888888888888888]",713add15-5a25-4e64-b7dd-5a0640a0d56b,fully_visible,1.0,28044,17,United Arab Emirates,,"[0.50546875, 0.7277777777777777, 0.50625, 0.7458333333333333, 0.55625, 0.7486111111111111, 0.55625, 0.7277777777777777]",
246,15185000.jpg,"[0.6796875, 0.6027777777777777, 0.934375, 0.8708333333333333]",053832a6-beb0-4c83-9d0a-002244be878a,fully_visible,1.0,52994,17,United Arab Emirates,,"[0.83515625, 0.7152777777777778, 0.83671875, 0.7375, 0.88828125, 0.7375, 0.88671875, 0.7194444444444444]",
267,31733760.jpg,"[0.35625, 0.6430555555555556, 0.69921875, 0.9972222222222222]",b26b176a-bdc1-4d90-a0e0-60767e9fbfae,fully_visible,1.0,15831,e,United Arab Emirates,,"[0.50078125, 0.8486111111111111, 0.5, 0.9125, 0.565625, 0.9125, 0.565625, 0.8458333333333333]",
272,17172480.jpg,"[0.059375, 0.6402777777777777, 0.35703125, 0.9708333333333333]",b802eb59-cd89-4fe6-a6dc-ae944e0d0a24,fully_visible,1.0,7534,undefined,United Arab Emirates,,"[0.11171875, 0.8638888888888889, 0.1796875, 0.8652777777777778, 0.1765625, 0.8944444444444445, 0.10859375, 0.8902777777777777]",
409,34283520.jpg,"[0.065625, 0.5777777777777777, 0.20703125, 0.7194444444444444]",78564158-0fd7-4815-a0d5-1aef95e84d7a,fully_visible_no_text,,,,United Arab Emirates,,"[0.08984375, 0.6361111111111111, 0.1140625, 0.6375, 0.1125, 0.65, 0.08984375, 0.6486111111111111]",
1070,17172480.jpg,"[0.40390625, 0.5597222222222222, 0.48125, 0.6888888888888889]",944d1ed4-7e3b-4ae9-aad7-cf94a290ceed,fully_visible_no_text,,,,United Arab Emirates,,"[0.42265625, 0.6263888888888889, 0.4484375, 0.6277777777777778, 0.4484375, 0.6430555555555556, 0.421875, 0.6416666666666667]",
1923,31365120.jpg,"[0.21875, 0.6555555555555556, 0.3140625, 0.7722222222222223]",6ca8ea4d-64eb-4b15-bd0a-030d534c68bb,fully_visible_no_text,,,,United Arab Emirates,,"[0.265625, 0.7180555555555556, 0.24375, 0.7180555555555556, 0.24375, 0.7055555555555556, 0.265625, 0.7069444444444445]",
2115,31365120.jpg,"[0.6015625, 0.8097222222222222, 0.76875, 0.9944444444444445]",aa3eb8c4-25ad-4415-a050-8f596df4184f,fully_visible_no_text,,,,United Arab Emirates,,"[0.734375, 0.9555555555555556, 0.6921875, 0.9541666666666667, 0.69140625, 0.9375, 0.73359375, 0.9388888888888889]",
2465,17172480.jpg,"[0.634375, 0.65, 0.91171875, 0.9597222222222223]",594f3b4c-ba13-4826-a8d1-63e08212de79,fully_visible_no_text,,,,United Arab Emirates,,"[0.6921875, 0.7833333333333333, 0.71875, 0.7833333333333333, 0.71796875, 0.8097222222222222, 0.6921875, 0.8097222222222222]",
2975,31733760.jpg,"[0.890625, 0.6986111111111111, 0.996875, 0.8125]",8b3f918e-3851-4bbe-ac78-fc30bdbdca88,invisible,,,,United Arab Emirates,,,
3739,49433600.jpg,"[0.32890625, 0.6763888888888889, 0.4203125, 0.7875]",34f782b4-9392-483d-bd7a-695d96a397d6,fully_visible_no_text,,,,United Arab Emirates,,"[0.35390625, 0.7180555555555556, 0.36796875, 0.7180555555555556, 0.3671875, 0.7291666666666666, 0.35390625, 0.7291666666666666]",
5069,17172480.jpg,"[0.10078125, 0.8013888888888889, 0.2890625, 0.9069444444444444]",2253c936-ddc9-47d9-b461-fac20f93cb21,invisible,,,,United Arab Emirates,,,
5450,17172480.jpg,"[0.884375, 0.5402777777777777, 0.9703125, 0.6222222222222222]",b3d38184-9624-4c2d-8834-9c41095654ed,fully_visible_no_text,,,,United Arab Emirates,,"[0.903125, 0.5805555555555556, 0.91484375, 0.5791666666666667, 0.915625, 0.5861111111111111, 0.903125, 0.5861111111111111]",
5781,34283520.jpg,"[0.0, 0.6680555555555555, 0.0546875, 0.7888888888888889]",6ef9b9a6-7ca0-4bbe-a463-dd04aa8277f1,invisible,,,,United Arab Emirates,,,
7134,31733760.jpg,"[0.23828125, 0.5569444444444445, 0.3796875, 0.7791666666666667]",694f4cd4-9ede-4f40-80ff-f9e00d8825d4,fully_visible_no_text,,,,United Arab Emirates,,"[0.27265625, 0.6666666666666666, 0.271875, 0.6805555555555556, 0.30078125, 0.6847222222222222, 0.3015625, 0.6708333333333333]",
7165,11460449.jpg,"[0.0046875, 0.4930555555555556, 0.22890625, 0.9097222222222222]",03191d0a-c96f-4f2c-8223-c62a1d1d9131,invisible,,,,United Arab Emirates,,,
7252,31365120.jpg,"[0.0, 0.6055555555555555, 0.09453125, 0.7430555555555556]",bbfacc9f-dea5-46c7-9e5d-f404057f4b98,invisible,,,,United Arab Emirates,,,
7740,34283520.jpg,"[0.85390625, 0.8333333333333334, 0.98671875, 0.9805555555555555]",8df4df1e-2bbd-4a01-9412-8a10a844b2f4,partly_visible_no_text,,,,United Arab Emirates,,,
8021,31365120.jpg,"[0.39453125, 0.8430555555555556, 0.53125, 1.0]",0137f7c3-5087-4562-bc19-64761b07a627,invisible,,,,United Arab Emirates,,,
8093,31733760.jpg,"[0.37578125, 0.48194444444444445, 0.44609375, 0.5958333333333333]",8f829f67-0fc9-4780-a515-19f30e2f4208,fully_visible_no_text,,,,United Arab Emirates,,"[0.3953125, 0.5388888888888889, 0.4125, 0.5402777777777777, 0.4125, 0.5486111111111112, 0.3953125, 0.5486111111111112]",
8794,34283520.jpg,"[0.0, 0.6055555555555555, 0.059375, 0.7222222222222222]",e24c1dc3-6db8-4f11-90ab-b1a1fd6018b1,invisible,,,,United Arab Emirates,,,
9230,1689600.jpg,"[0.39375, 0.5027777777777778, 0.4640625, 0.6152777777777778]",3e21870a-1928-4937-885b-de2e52f34bd0,fully_visible_no_text,,,,United Arab Emirates,,"[0.41875, 0.5416666666666666, 0.41875, 0.55, 0.4390625, 0.55, 0.43828125, 0.5416666666666666]",
11009,17172480.jpg,"[0.47104851330203446, 0.7194444444444444, 0.5453834115805947, 0.8236111111111111]",aa79afa5-6575-4702-97ab-2730ad319b55,fully_visible_no_text,,,,United Arab Emirates,,"[0.5015649452269171, 0.7597222222222222, 0.513302034428795, 0.7597222222222222, 0.513302034428795, 0.775, 0.5007824726134585, 0.775]",
11083,17172480.jpg,"[0.22578125, 0.8027777777777778, 0.33203125, 0.8944444444444445]",9be25d32-51d5-4578-b32c-df8299bfd31b,invisible,,,,United Arab Emirates,,,
11223,31365120.jpg,"[0.89453125, 0.7083333333333334, 0.9984375, 0.7986111111111112]",51720649-59f9-4d48-abf1-628943a93404,invisible,,,,United Arab Emirates,,,
11341,179589120.jpg,"[0.1921875, 0.6986111111111111, 0.28828125, 0.8722222222222222]",93ddb008-f0be-4b3a-b7d0-de282ae26e4f,fully_visible_no_text,,,,United Arab Emirates,,"[0.2484375, 0.7902777777777777, 0.24765625, 0.7763888888888889, 0.27109375, 0.775, 0.271875, 0.7888888888888889]",
11566,1689600.jpg,"[0.5, 0.665625, 0.5953125, 0.815625]",955c0959-79fc-42e5-b55b-86cba77f3121,fully_visible_no_text,,,,United Arab Emirates,,"[0.54140625, 0.728125, 0.5421875, 0.7453125, 0.55859375, 0.7453125, 0.55859375, 0.7296875]",
11716,31365120.jpg,"[0.4984375, 0.7083333333333334, 0.559375, 0.8277777777777777]",8634ac74-1e0f-4632-800e-4bfff16c2145,fully_visible_no_text,,,,United Arab Emirates,,"[0.5234375, 0.7694444444444445, 0.53515625, 0.7694444444444445, 0.534375, 0.7777777777777778, 0.52265625, 0.7777777777777778]",
14140,11460449.jpg,"[0.27421875, 0.6847222222222222, 0.41484375, 0.8152777777777778]",df33f1e8-811b-44cf-8291-56e6d7578415,fully_visible_no_text,,,,United Arab Emirates,,"[0.303125, 0.7402777777777778, 0.32890625, 0.7388888888888889, 0.328125, 0.75, 0.303125, 0.75]",
14529,1689600.jpg,"[0.39140625, 0.5736111111111111, 0.47890625, 0.6916666666666667]",c8f55cd4-e83f-4755-85bb-64259010e392,fully_visible_no_text,,,,United Arab Emirates,,"[0.42421875, 0.6597222222222222, 0.4515625, 0.6597222222222222, 0.4515625, 0.6708333333333333, 0.42421875, 0.6708333333333333]",
15025,1689600.jpg,"[0.3984375, 0.46111111111111114, 0.553125, 0.6680555555555555]",9ff53e76-78d3-4788-9939-8d90e26546ba,fully_visible_no_text,,,,United Arab Emirates,,"[0.4796875, 0.5458333333333333, 0.4796875, 0.5652777777777778, 0.5015625, 0.5680555555555555, 0.5015625, 0.5472222222222223]",
15293,179589120.jpg,"[0.58203125, 0.6805555555555556, 0.68203125, 0.8236111111111111]",159b0b21-6e89-4eea-8be0-e23977793340,fully_visible_no_text,,,,United Arab Emirates,,"[0.5953125, 0.7416666666666667, 0.6171875, 0.7416666666666667, 0.6171875, 0.75, 0.5953125, 0.75]",
15593,31365120.jpg,"[0.00078125, 0.65, 0.18984375, 0.9291666666666667]",0579c29d-04e3-4490-84ae-29f102dae9c0,invisible,,,,United Arab Emirates,,,
16027,1689600.jpg,"[0.19609375, 0.49027777777777776, 0.26953125, 0.6361111111111111]",5cf5c367-e49c-4d28-bb52-97c1eba836d0,invisible,,,,United Arab Emirates,,,
16048,34283520.jpg,"[0.25078125, 0.6861111111111111, 0.3796875, 0.7638888888888888]",13c61e58-2730-4976-8dd9-6bdfc471c607,invisible,,,,United Arab Emirates,,,
16179,31365120.jpg,"[0.90859375, 0.825, 0.9953125, 0.9972222222222222]",74314d2f-8780-41e8-b9c5-3a853f38c3de,invisible,,,,United Arab Emirates,,,
16752,108072960.jpg,"[0.4578125, 0.6736111111111112, 0.56328125, 0.8486111111111111]",7d0d0560-a348-485c-955d-6ca9da982b44,fully_visible_no_text,,,,United Arab Emirates,,"[0.49609375, 0.7611111111111111, 0.52734375, 0.7597222222222222, 0.5265625, 0.7722222222222223, 0.496875, 0.7722222222222223]",
16872,31365120.jpg,"[0.48125, 0.6402777777777777, 0.57109375, 0.7527777777777778]",27d0d74e-e389-47dd-bc6d-0b9fafc5621d,fully_visible_no_text,,,,United Arab Emirates,,"[0.53203125, 0.7180555555555556, 0.5453125, 0.7180555555555556, 0.5453125, 0.7305555555555555, 0.5328125, 0.7305555555555555]",
17500,31365120.jpg,"[0.071875, 0.5388888888888889, 0.4375, 0.8166666666666667]",412515e4-f7b8-4371-8000-c43c6ffb6446,fully_visible_no_text,,,,United Arab Emirates,,"[0.10703125, 0.7638888888888888, 0.10859375, 0.7875, 0.1296875, 0.7902777777777777, 0.12890625, 0.7666666666666667]",
17850,17172480.jpg,"[0.85859375, 0.7055555555555556, 0.996875, 0.8583333333333333]",7a66fd64-c4ed-4689-ae11-c6681e7f93c2,fully_visible_no_text,,,,United Arab Emirates,,"[0.89453125, 0.7694444444444445, 0.92265625, 0.7694444444444445, 0.921875, 0.7833333333333333, 0.89453125, 0.7833333333333333]",
19947,31733760.jpg,"[0.26640625, 0.6277777777777778, 0.3359375, 0.7208333333333333]",504bc9ae-e060-4ade-84c9-b399916187d0,fully_visible_no_text,,,,United Arab Emirates,,"[0.28203125, 0.6680555555555555, 0.30078125, 0.6680555555555555, 0.3015625, 0.6763888888888889, 0.28203125, 0.6763888888888889]",
20421,31733760.jpg,"[0.0, 0.6319444444444444, 0.3359375, 0.9875]",e6cdb5c8-53a3-486c-8af5-78148abe4530,invisible,,,,United Arab Emirates,,,
20763,108072960.jpg,"[0.5921875, 0.7208333333333333, 0.6609375, 0.8027777777777778]",2c0efec8-0975-4229-9f85-ce2ae3cf4acf,fully_visible_no_text,,,,United Arab Emirates,,"[0.62578125, 0.7569444444444444, 0.64375, 0.7555555555555555, 0.64375, 0.7652777777777777, 0.62578125, 0.7652777777777777]",
21126,1689600.jpg,"[0.34765625, 0.6111111111111112, 0.5703125, 0.9513888888888888]",78d068f5-4879-4735-a2bf-1b1b559a2b0c,fully_visible,1.0,64429,c,United Arab Emirates,,"[0.43671875, 0.7694444444444445, 0.478125, 0.7708333333333334, 0.478125, 0.8069444444444445, 0.4359375, 0.8069444444444445]",
21186,34283520.jpg,"[0.06875, 0.6736111111111112, 0.19140625, 0.7472222222222222]",e3cdddf4-7675-4425-8186-14fbdc4192bb,invisible,,,,United Arab Emirates,,,
21486,17172480.jpg,"[0.2765625, 0.7402777777777778, 0.5390625, 0.9944444444444445]",7ed2cf0a-3016-47fe-bfbb-17597bcc65b1,fully_visible_no_text,,,,United Arab Emirates,,"[0.31171875, 0.9236111111111112, 0.3140625, 0.9013888888888889, 0.3625, 0.9041666666666667, 0.36015625, 0.9263888888888889]",
21851,34283520.jpg,"[0.0, 0.6763888888888889, 0.07890625, 0.7583333333333333]",900b31bd-bd58-4d77-9b2a-4ec14e0627a6,invisible,,,,United Arab Emirates,,,
21978,31733760.jpg,"[0.5015625, 0.825, 0.57265625, 0.9291666666666667]",f970d3a3-76c8-496c-99d4-6e75b0e5f7a5,fully_visible_no_text,,,,United Arab Emirates,,"[0.5296875, 0.8833333333333333, 0.54375, 0.8833333333333333, 0.54453125, 0.8930555555555556, 0.5296875, 0.8916666666666667]",
22408,31733760.jpg,"[0.0, 0.7902777777777777, 0.13359375, 0.9472222222222222]",20094216-6439-4104-8a55-c08e0571090f,partly_visible_no_text,,,,United Arab Emirates,,,
22532,1689600.jpg,"[0.6048513302034428, 0.45416666666666666, 0.6791862284820032, 0.5513888888888889]",5062182a-8a7b-49f3-ab84-da9a14f640af,fully_visible_no_text,,,,United Arab Emirates,,"[0.6416275430359938, 0.5013888888888889, 0.6525821596244131, 0.5013888888888889, 0.6525821596244131, 0.5125, 0.6416275430359938, 0.5125]",
22545,31733760.jpg,"[0.18203125, 0.8152777777777778, 0.29140625, 0.9416666666666667]",e862c776-e3a3-4fea-ac3b-d91332078782,fully_visible_no_text,,,,United Arab Emirates,,"[0.21640625, 0.8680555555555556, 0.23359375, 0.8694444444444445, 0.2328125, 0.8833333333333333, 0.215625, 0.8833333333333333]",
23230,1689600.jpg,"[0.94140625, 0.6791666666666667, 0.996875, 0.9458333333333333]",81ccd61a-a200-42ad-b5d6-c2c64d74dd75,invisible,,,,United Arab Emirates,,,
23417,31733760.jpg,"[0.7703125, 0.7888888888888889, 0.88359375, 0.8916666666666667]",ea5a3e25-f759-407c-9155-ba2349891cd6,fully_visible_no_text,,,,United Arab Emirates,,"[0.85859375, 0.825, 0.859375, 0.8305555555555556, 0.871875, 0.8263888888888888, 0.87109375, 0.8222222222222222]",
23536,179589120.jpg,"[0.625, 0.7125, 0.7265625, 0.8625]",8a6e2da6-fee8-46b6-a6e7-39cdfea1ce90,fully_visible_no_text,,,,United Arab Emirates,,"[0.653125, 0.7763888888888889, 0.65390625, 0.7875, 0.68125, 0.7888888888888889, 0.68203125, 0.7777777777777778]",
23544,31733760.jpg,"[0.32109375, 0.3888888888888889, 0.4203125, 0.45555555555555555]",48228349-7780-47e1-8f62-87c6aae7ec60,invisible,,,,United Arab Emirates,,,
24507,17172480.jpg,"[0.17421875, 0.5111111111111111, 0.30859375, 0.6902777777777778]",4df6dff9-7a3d-4c9e-acfb-38859d83bdb4,fully_visible_no_text,,,,United Arab Emirates,,"[0.20859375, 0.5819444444444445, 0.209375, 0.5972222222222222, 0.2390625, 0.5958333333333333, 0.2390625, 0.5819444444444445]",
25050,1689600.jpg,"[0.15703125, 0.5234375, 0.24453125, 0.5953125]",2a365f73-316b-4c62-8948-870844beff15,invisible,,,,United Arab Emirates,,,
25110,31365120.jpg,"[0.7390625, 0.6597222222222222, 0.80703125, 0.7458333333333333]",2ebdc98d-18bb-4d1d-b25f-d5baf1f89887,invisible,,,,United Arab Emirates,,,
25190,31365120.jpg,"[0.44765625, 0.8194444444444444, 0.54140625, 0.9569444444444445]",3afb6b65-5f45-4a05-88d3-1d502791b3b0,fully_visible_no_text,,,,United Arab Emirates,,"[0.48359375, 0.8763888888888889, 0.51015625, 0.8777777777777778, 0.509375, 0.8875, 0.484375, 0.8861111111111111]",
25728,34283520.jpg,"[0.9515625, 0.8680555555555556, 0.99921875, 0.9958333333333333]",42643309-7089-4a59-9597-bef23441a47e,invisible,,,,United Arab Emirates,,,
25731,34283520.jpg,"[0.06328125, 0.6958333333333333, 0.20234375, 0.7680555555555556]",42366073-b32a-4418-8ad6-a3d1681219ce,invisible,,,,United Arab Emirates,,,
26548,1689600.jpg,"[0.48671875, 0.6805555555555556, 0.5421875, 0.7861111111111111]",befa4f4e-bb91-4959-bc31-0790ed1a9c4f,fully_visible_no_text,,,,United Arab Emirates,,"[0.4984375, 0.7430555555555556, 0.5109375, 0.7430555555555556, 0.5109375, 0.75, 0.49921875, 0.75]",
27069,34283520.jpg,"[0.1171875, 0.8652777777777778, 0.33828125, 1.0]",9f28dcc2-8689-46ef-bf8d-6724ce138465,invisible,,,,United Arab Emirates,,,
27255,31733760.jpg,"[0.48203125, 0.6333333333333333, 0.56171875, 0.7333333333333333]",808ed8e1-c328-460c-b36b-0d885f1b9274,fully_visible_no_text,,,,United Arab Emirates,,"[0.5234375, 0.7027777777777777, 0.5390625, 0.7027777777777777, 0.5390625, 0.7138888888888889, 0.5234375, 0.7138888888888889]",
27375,31733760.jpg,"[0.27578125, 0.4791666666666667, 0.34453125, 0.5666666666666667]",30d73fd4-0fe4-4a18-ad8d-69adb7d9cc60,fully_visible_no_text,,,,United Arab Emirates,,"[0.2890625, 0.5263888888888889, 0.30390625, 0.5263888888888889, 0.30390625, 0.5347222222222222, 0.28828125, 0.5333333333333333]",
27753,17172480.jpg,"[0.6390625, 0.5680555555555555, 0.7390625, 0.625]",ea43ced5-3018-41ff-9c27-89c31b74d7dd,invisible,,,,United Arab Emirates,,,
27896,31733760.jpg,"[0.8953125, 0.7319444444444444, 0.99453125, 1.0]",18e314f3-d61e-4fea-b66c-26ecbfe3d051,invisible,,,,United Arab Emirates,,,
29285,11460449.jpg,"[0.66875, 0.475, 0.81328125, 0.7263888888888889]",d333c452-3339-46f3-8a36-b46ab0926470,fully_visible_no_text,,,,United Arab Emirates,,"[0.7453125, 0.6625, 0.746875, 0.6833333333333333, 0.76953125, 0.6861111111111111, 0.76875, 0.6638888888888889]",
30139,34283520.jpg,"[0.15859375, 0.6319444444444444, 0.23671875, 0.7361111111111112]",a60c7e16-692a-415e-94a6-e5f26022d3f6,fully_visible_no_text,,,,United Arab Emirates,,"[0.18671875, 0.6847222222222222, 0.18671875, 0.6916666666666667, 0.17265625, 0.6916666666666667, 0.1734375, 0.6847222222222222]",
31374,11460449.jpg,"[0.81796875, 0.6888888888888889, 0.9984375, 0.8333333333333334]",ec70b1ba-d34a-4a21-ae97-aca9b10bf35f,fully_visible_no_text,,,,United Arab Emirates,,"[0.96328125, 0.7527777777777778, 0.99453125, 0.7513888888888889, 0.99453125, 0.7625, 0.9640625, 0.7652777777777777]",
31645,17172480.jpg,"[0.56484375, 0.6333333333333333, 0.63515625, 0.7166666666666667]",020d824b-9a57-41e5-94de-209221f6a7e9,fully_visible_no_text,,,,United Arab Emirates,,"[0.609375, 0.675, 0.61015625, 0.6805555555555556, 0.62109375, 0.6805555555555556, 0.62109375, 0.6736111111111112]",
32311,34283520.jpg,"[0.03125, 0.7041666666666667, 0.22109375, 0.9513888888888888]",e04a9e91-7210-4cea-86ac-e206e2974b27,fully_visible_no_text,,,,United Arab Emirates,,"[0.06953125, 0.8263888888888888, 0.08828125, 0.8263888888888888, 0.08828125, 0.85, 0.0703125, 0.8472222222222222]",
32499,31365120.jpg,"[0.3078125, 0.8152777777777778, 0.40859375, 0.9361111111111111]",bcc5b674-f069-4b13-af98-032871c06ce3,fully_visible_no_text,,,,United Arab Emirates,,"[0.32890625, 0.8638888888888889, 0.32890625, 0.8722222222222222, 0.34609375, 0.8722222222222222, 0.34609375, 0.8666666666666667]",
32648,1689600.jpg,"[0.3859375, 0.6640625, 0.45390625, 0.7703125]",96e3ffdd-393d-4770-8d83-3e8eb41fa9f8,fully_visible_no_text,,,,United Arab Emirates,,"[0.409375, 0.709375, 0.409375, 0.7203125, 0.4203125, 0.721875, 0.4203125, 0.709375]",
32731,31365120.jpg,"[0.50078125, 0.2638888888888889, 0.8375, 0.6152777777777778]",36cc022f-d177-413e-b3a9-dcecd5118035,invisible,,,,United Arab Emirates,,,
32890,34283520.jpg,"[0.00078125, 0.7027777777777777, 0.059375, 0.8416666666666667]",bd9aa161-d576-428d-8c89-aed38dbc3965,invisible,,,,United Arab Emirates,,,
33003,31365120.jpg,"[0.02734375, 0.7111111111111111, 0.32578125, 0.9208333333333333]",4e30d55a-e378-4573-b2c4-3d298ef5e778,invisible,,,,United Arab Emirates,,,
33766,1689600.jpg,"[0.321875, 0.5875, 0.40625, 0.6916666666666667]",db8d55f9-e75e-41fb-9697-5225112d53c0,fully_visible_no_text,,,,United Arab Emirates,,"[0.3484375, 0.6277777777777778, 0.36015625, 0.6277777777777778, 0.359375, 0.6375, 0.34765625, 0.6375]",
34382,17172480.jpg,"[0.14375, 0.7166666666666667, 0.2328125, 0.7833333333333333]",deed5a0b-b5fb-442c-a40d-a5cf4c9f97db,invisible,,,,United Arab Emirates,,,
34405,49433600.jpg,"[0.4734375, 0.6527777777777778, 0.56875, 0.8013888888888889]",ad3c043b-f878-40cd-b74f-307addddc49a,fully_visible_no_text,,,,United Arab Emirates,,"[0.51328125, 0.7083333333333334, 0.52890625, 0.7083333333333334, 0.52890625, 0.7208333333333333, 0.51328125, 0.7208333333333333]",
35929,1689600.jpg,"[0.17734375, 0.4930555555555556, 0.51875, 0.75]",fbe87537-3bdf-4d48-bad7-090e2d172d7c,fully_visible_no_text,,,,United Arab Emirates,,"[0.49140625, 0.6902777777777778, 0.50234375, 0.6861111111111111, 0.5015625, 0.7013888888888888, 0.48984375, 0.7055555555555556]",
36683,31733760.jpg,"[0.76015625, 0.4, 0.90546875, 0.4930555555555556]",6f3c24a8-7eb6-43f7-9eb1-1be6cc24926a,invisible,,,,United Arab Emirates,,,
37726,1689600.jpg,"[0.6421875, 0.6444444444444445, 0.7796875, 0.8152777777777778]",596b74ff-67a8-46ef-a678-a37148c8dbf9,fully_visible_no_text,,,,United Arab Emirates,,"[0.72109375, 0.7305555555555555, 0.73984375, 0.7291666666666666, 0.73984375, 0.7416666666666667, 0.7203125, 0.7416666666666667]",
38306,1689600.jpg,"[0.94140625, 0.48333333333333334, 0.99765625, 0.6055555555555555]",1f308d8d-3476-4e5e-a216-c20d2406df09,invisible,,,,United Arab Emirates,,,
38335,34283520.jpg,"[0.81953125, 0.6638888888888889, 0.98828125, 0.7583333333333333]",55a195c2-37c7-4216-9258-83c1a5202a22,invisible,,,,United Arab Emirates,,,
38910,17172480.jpg,"[0.53984375, 0.7027777777777777, 0.61640625, 0.8]",b3a636e3-5ef5-4c71-908f-515e66394833,invisible,,,,United Arab Emirates,,,
39350,17172480.jpg,"[0.5515625, 0.75, 0.60625, 0.8833333333333333]",77d6be35-238b-413e-be5e-0857ee843045,fully_visible_no_text,,,,United Arab Emirates,,"[0.584375, 0.8027777777777778, 0.59609375, 0.8041666666666667, 0.59609375, 0.8152777777777778, 0.584375, 0.8152777777777778]",
39502,34283520.jpg,"[0.921875, 0.6083333333333333, 0.99921875, 0.8125]",e03f9799-713b-4fe1-8661-2a6489a5ca00,invisible,,,,United Arab Emirates,,,
40328,31365120.jpg,"[0.1265625, 0.7513888888888889, 0.32265625, 0.9]",c1ecbb62-f0a8-4607-803c-30ea485a51e8,invisible,,,,United Arab Emirates,,,
40567,1689600.jpg,"[0.628125, 0.4625, 0.70390625, 0.5555555555555556]",c9b32d9b-7784-4785-8e34-29f6010ab75e,fully_visible_no_text,,,,United Arab Emirates,,"[0.66484375, 0.5055555555555555, 0.684375, 0.5055555555555555, 0.684375, 0.5125, 0.66484375, 0.5125]",
40970,34283520.jpg,"[0.28046875, 0.7402777777777778, 0.40234375, 0.9166666666666666]",19cf81f8-6644-4167-b413-01ebe16a4735,fully_visible_no_text,,,,United Arab Emirates,,"[0.31640625, 0.8361111111111111, 0.315625, 0.8527777777777777, 0.33203125, 0.8541666666666666, 0.3328125, 0.8375]",
41288,1689600.jpg,"[0.73125, 0.675, 0.86875, 0.825]",b5953312-53dc-4493-873f-bffcc8fb5ebc,fully_visible_no_text,,,,United Arab Emirates,,"[0.7578125, 0.7680555555555556, 0.7875, 0.7694444444444445, 0.78671875, 0.7833333333333333, 0.75703125, 0.7805555555555556]",
42677,17172480.jpg,"[0.79765625, 0.7888888888888889, 0.99609375, 0.9944444444444445]",1b1f0fed-078c-49c8-a5ec-aff103a046fd,invisible,,,,United Arab Emirates,,,
42898,31733760.jpg,"[0.1703125, 0.4736111111111111, 0.29453125, 0.6458333333333334]",5ec0a788-8925-4db7-8328-ae0534ad566b,fully_visible_no_text,,,,United Arab Emirates,,"[0.19296875, 0.5625, 0.19296875, 0.5722222222222222, 0.21328125, 0.5736111111111111, 0.2125, 0.5638888888888889]",
43024,34283520.jpg,"[0.4640625, 0.7166666666666667, 0.5421875, 0.8402777777777778]",367fcf60-34fe-4c57-a302-7f200532a350,fully_visible_no_text,,,,United Arab Emirates,,"[0.4953125, 0.7888888888888889, 0.509375, 0.7888888888888889, 0.50859375, 0.8055555555555556, 0.4953125, 0.8041666666666667]",
43338,31733760.jpg,"[0.35390625, 0.6416666666666667, 0.459375, 0.7958333333333333]",6d26455e-b094-4575-a234-139b2707979b,fully_visible_no_text,,,,United Arab Emirates,,"[0.3875, 0.7527777777777778, 0.3875, 0.7694444444444445, 0.41875, 0.7708333333333334, 0.41875, 0.7541666666666667]",
43778,17172480.jpg,"[0.1078125, 0.5805555555555556, 0.1921875, 0.675]",8482018a-9abe-48c0-bca4-fddb72f302c5,fully_visible_no_text,,,,United Arab Emirates,,"[0.14453125, 0.6277777777777778, 0.15390625, 0.6277777777777778, 0.153125, 0.6361111111111111, 0.14375, 0.6375]",
44670,17172480.jpg,"[0.09609375, 0.8208333333333333, 0.18984375, 0.9069444444444444]",b236ce4e-3b61-4e87-9910-aea637613930,invisible,,,,United Arab Emirates,,,
44850,17172480.jpg,"[0.82890625, 0.80625, 0.99453125, 0.996875]",e6b2f160-b2d9-4789-aae4-13620d342e7b,invisible,,,,United Arab Emirates,,,
46521,34283520.jpg,"[0.06484375, 0.6027777777777777, 0.3171875, 0.8972222222222223]",6eacab3f-a7c3-4074-931b-079c868eb0f9,fully_visible,1.0,93225,8,United Arab Emirates,,"[0.1140625, 0.7194444444444444, 0.1609375, 0.7194444444444444, 0.16015625, 0.7347222222222223, 0.1140625, 0.7375]",
46721,34283520.jpg,"[0.20234375, 0.6625, 0.3046875, 0.8041666666666667]",84257927-5b7a-47b1-bf4c-1376ef4b2135,fully_visible_no_text,,,,United Arab Emirates,,"[0.221875, 0.7277777777777777, 0.24296875, 0.7291666666666666, 0.24296875, 0.7388888888888889, 0.22109375, 0.7388888888888889]",
48591,1689600.jpg,"[0.4765625, 0.5777777777777777, 0.54453125, 0.7375]",77ca32e5-022a-4b25-9b2a-216c1314aaab,fully_visible_no_text,,,,United Arab Emirates,,"[0.4890625, 0.6958333333333333, 0.4984375, 0.6972222222222222, 0.49765625, 0.7069444444444445, 0.48828125, 0.7055555555555556]",
48789,1689600.jpg,"[0.54296875, 0.8263888888888888, 0.6015625, 0.9305555555555556]",69ebd4ec-819e-423c-b313-3c0b1757c0d8,fully_visible_no_text,,,,United Arab Emirates,,"[0.56484375, 0.875, 0.56484375, 0.8805555555555555, 0.58203125, 0.8819444444444444, 0.58203125, 0.875]",
48867,1689600.jpg,"[0.81640625, 0.6583333333333333, 0.9890625, 0.8680555555555556]",f1ca401f-ee9c-4689-895d-7f9f72eb4ef2,fully_visible_no_text,,,,United Arab Emirates,,"[0.8640625, 0.7527777777777778, 0.89609375, 0.7527777777777778, 0.89609375, 0.7791666666666667, 0.86328125, 0.7791666666666667]",
50308,1689600.jpg,"[0.14296875, 0.5555555555555556, 0.33515625, 0.8319444444444445]",60c80bc9-c697-41b8-9dc8-45c6d76f1d69,fully_visible,1.0,11207,undefined,United Arab Emirates,,"[0.2015625, 0.6722222222222223, 0.2234375, 0.6763888888888889, 0.22265625, 0.6875, 0.20078125, 0.6847222222222222]",
50863,108072960.jpg,"[0.74296875, 0.48333333333333334, 0.99921875, 0.775]",332d0299-efe0-44d7-8c01-dcc69e7c75bc,invisible,,,,United Arab Emirates,,,
51580,31365120.jpg,"[0.78359375, 0.6125, 0.9921875, 0.8486111111111111]",b75660ae-9d5a-4654-8ad5-89646c7f6f53,fully_visible_no_text,,,,United Arab Emirates,,"[0.79609375, 0.7236111111111111, 0.79609375, 0.7472222222222222, 0.80703125, 0.7513888888888889, 0.80703125, 0.7236111111111111]",
51749,1689600.jpg,"[0.2734375, 0.7416666666666667, 0.34375, 0.8319444444444445]",7d86132a-de68-44d5-9c0a-331b721677c6,fully_visible_no_text,,,,United Arab Emirates,,"[0.290625, 0.7861111111111111, 0.30546875, 0.7875, 0.30546875, 0.7944444444444444, 0.29140625, 0.7944444444444444]",
51785,31733760.jpg,"[0.1140625, 0.6388888888888888, 0.2640625, 0.7958333333333333]",b1c50da6-c8ae-4a6d-ae94-9a5b5f31fa3e,fully_visible_no_text,,,,United Arab Emirates,,"[0.1515625, 0.7458333333333333, 0.17109375, 0.7458333333333333, 0.17109375, 0.7638888888888888, 0.15078125, 0.7638888888888888]",
51998,1689600.jpg,"[0.71796875, 0.8333333333333334, 0.81171875, 0.9458333333333333]",9c5672d1-8142-4731-8466-995b68c29a0d,fully_visible_no_text,,,,United Arab Emirates,,"[0.77109375, 0.8847222222222222, 0.7890625, 0.8847222222222222, 0.7890625, 0.8916666666666667, 0.771875, 0.8916666666666667]",
53180,34283520.jpg,"[0.44453125, 0.8138888888888889, 0.55703125, 0.9930555555555556]",1578f2d9-7ce6-4af9-81c7-a5718ee9a8dd,invisible,,,,United Arab Emirates,,,
53259,17172480.jpg,"[0.0, 0.7597222222222222, 0.10625, 0.9888888888888889]",6b8e9f6d-f771-497b-a256-11337461dd8c,invisible,,,,United Arab Emirates,,,
53507,1689600.jpg,"[0.73671875, 0.6236111111111111, 0.84375, 0.7680555555555556]",585831ec-6e73-4b1d-8712-4cef49d0884d,fully_visible_no_text,,,,United Arab Emirates,,"[0.79921875, 0.6875, 0.79921875, 0.6972222222222222, 0.81796875, 0.6986111111111111, 0.81796875, 0.6902777777777778]",
53856,31365120.jpg,"[0.9171875, 0.7541666666666667, 0.9984375, 1.0]",abe4a045-1743-40ba-a4a0-8bd31b0e9696,invisible,,,,United Arab Emirates,,,
53875,34283520.jpg,"[0.39609375, 0.6458333333333334, 0.459375, 0.7611111111111111]",40bcc8b6-748e-4009-947c-2e9e4bbb5644,invisible,,,,United Arab Emirates,,,
55336,31733760.jpg,"[0.8421875, 0.39305555555555555, 0.9359375, 0.4791666666666667]",506869e2-bbd1-4c19-8664-0fcaf81619b1,invisible,,,,United Arab Emirates,,,
55864,179589120.jpg,"[0.71171875, 0.6111111111111112, 0.94453125, 0.9319444444444445]",b15aae51-d546-4ffe-a124-1af2066c7231,fully_visible,1.0,65904,t,United Arab Emirates,,"[0.7796875, 0.7583333333333333, 0.834375, 0.7611111111111111, 0.834375, 0.7819444444444444, 0.7796875, 0.7791666666666667]",
56260,31365120.jpg,"[0.003125, 0.5763888888888888, 0.11953125, 0.7847222222222222]",d74a9cc3-b6b5-41d4-acbe-87936d7428a8,invisible,,,,United Arab Emirates,,,
56313,17172480.jpg,"[0.53203125, 0.6263888888888889, 0.596875, 0.7125]",c3c32f95-3902-46a1-9572-02394fcbda66,fully_visible_no_text,,,,United Arab Emirates,,"[0.5640625, 0.6694444444444444, 0.56328125, 0.675, 0.57890625, 0.6763888888888889, 0.578125, 0.6694444444444444]",
56508,17172480.jpg,"[0.30234375, 0.5625, 0.3921875, 0.675]",934763c2-600b-4688-bf12-48ae6905a702,fully_visible_no_text,,,,United Arab Emirates,,"[0.32734375, 0.6097222222222223, 0.3375, 0.6097222222222223, 0.3375, 0.6194444444444445, 0.32734375, 0.6194444444444445]",
57392,34283520.jpg,"[0.528125, 0.25555555555555554, 0.62109375, 0.4361111111111111]",0fb33ea3-7e16-41ec-89c6-3962e6bf2f27,fully_visible_no_text,,,,United Arab Emirates,,"[0.565625, 0.38333333333333336, 0.584375, 0.38472222222222224, 0.58359375, 0.39444444444444443, 0.56640625, 0.39305555555555555]",
57781,15185000.jpg,"[0.0, 0.6236111111111111, 0.20390625, 0.9902777777777778]",cc501485-896c-45ae-bc3d-032759b96ada,invisible,,,,United Arab Emirates,,,
58223,11460449.jpg,"[0.05078125, 0.6430555555555556, 0.1625, 0.7708333333333334]",009e296a-3104-4d55-8586-2919816c0d9a,invisible,,,,United Arab Emirates,,,
58295,1689600.jpg,"[0.58203125, 0.8375, 0.67421875, 0.9347222222222222]",40218ce3-be00-4ae3-8c61-ebac4271f011,fully_visible_no_text,,,,United Arab Emirates,,"[0.6359375, 0.8791666666666667, 0.65625, 0.8777777777777778, 0.65703125, 0.8861111111111111, 0.63671875, 0.8861111111111111]",
58503,1689600.jpg,"[0.5875, 0.6458333333333334, 0.65390625, 0.7305555555555555]",9b802147-8571-4b06-b51e-96fc8289c696,fully_visible_no_text,,,,United Arab Emirates,,"[0.621875, 0.6916666666666667, 0.621875, 0.6847222222222222, 0.63671875, 0.6847222222222222, 0.63671875, 0.6916666666666667]",
58906,1689600.jpg,"[0.83515625, 0.528125, 0.9890625, 0.703125]",d15f45fa-ef4c-449f-860a-726f12838348,fully_visible_no_text,,,,United Arab Emirates,,"[0.8625, 0.61875, 0.89296875, 0.6140625, 0.89296875, 0.628125, 0.86328125, 0.63125]",
58955,34283520.jpg,"[0.20703125, 0.5736111111111111, 0.32890625, 0.7333333333333333]",f31dc3d3-3449-4661-8d75-cfd46fa37526,fully_visible_no_text,,,,United Arab Emirates,,"[0.23515625, 0.6458333333333334, 0.2578125, 0.6472222222222223, 0.25703125, 0.6583333333333333, 0.234375, 0.6569444444444444]",
58983,31365120.jpg,"[0.3984375, 0.6652777777777777, 0.4578125, 0.7708333333333334]",03bb631b-7ff0-4389-aa08-650bf3614957,fully_visible_no_text,,,,United Arab Emirates,,"[0.41484375, 0.7138888888888889, 0.42890625, 0.7152777777777778, 0.42890625, 0.7236111111111111, 0.4140625, 0.7222222222222222]",
58985,1689600.jpg,"[0.66328125, 0.6722222222222223, 0.73203125, 0.7791666666666667]",20295ef4-3657-49be-9324-174f746380d7,fully_visible_no_text,,,,United Arab Emirates,,"[0.6828125, 0.7208333333333333, 0.6828125, 0.7319444444444444, 0.7015625, 0.7319444444444444, 0.70078125, 0.7208333333333333]",
60038,1689600.jpg,"[0.3046875, 0.4666666666666667, 0.36484375, 0.5611111111111111]",93bc1009-91c1-4547-b168-ea557b56b418,fully_visible_no_text,,,,United Arab Emirates,,"[0.33046875, 0.5333333333333333, 0.33984375, 0.5333333333333333, 0.33984375, 0.5388888888888889, 0.33046875, 0.5388888888888889]",
60972,49433600.jpg,"[0.0046875, 0.6277777777777778, 0.2390625, 0.9958333333333333]",f5e69454-e75b-46b3-aaac-9467d4c76327,invisible,,,,United Arab Emirates,,,
61104,34283520.jpg,"[0.2984375, 0.6680555555555555, 0.36953125, 0.7625]",feefc0bd-348c-4c98-8bb9-e658001dff0d,fully_visible_no_text,,,,United Arab Emirates,,"[0.3140625, 0.7166666666666667, 0.325, 0.7166666666666667, 0.32421875, 0.7291666666666666, 0.31328125, 0.7277777777777777]",
61243,34283520.jpg,"[0.59609375, 0.6041666666666666, 0.76953125, 0.8013888888888889]",d7377c73-f507-4852-b777-196ef9ac0f1e,fully_visible_no_text,,,,United Arab Emirates,,"[0.7015625, 0.6791666666666667, 0.73671875, 0.6791666666666667, 0.73671875, 0.6916666666666667, 0.7015625, 0.6944444444444444]",
61258,11460449.jpg,"[0.18125, 0.6722222222222223, 0.296875, 0.8]",a7f41a5c-db2b-493c-8668-8be0fa326401,fully_visible_no_text,,,,United Arab Emirates,,"[0.2234375, 0.7277777777777777, 0.203125, 0.7277777777777777, 0.203125, 0.7361111111111112, 0.2234375, 0.7361111111111112]",
61939,34283520.jpg,"[0.4125, 0.6833333333333333, 0.5296875, 0.7611111111111111]",46d75d72-b012-4b5d-ae39-40fd6bf2dd02,fully_visible_no_text,,,,United Arab Emirates,,"[0.42265625, 0.7361111111111112, 0.42890625, 0.7375, 0.42890625, 0.7458333333333333, 0.421875, 0.7458333333333333]",
63129,17172480.jpg,"[0.71328125, 0.7013888888888888, 0.80859375, 0.8069444444444445]",d3f337cd-03f2-48cc-99fc-da5442344076,fully_visible_no_text,,,,United Arab Emirates,,"[0.73046875, 0.7430555555555556, 0.7421875, 0.7444444444444445, 0.74140625, 0.7527777777777778, 0.7296875, 0.7513888888888889]",
63152,31733760.jpg,"[0.47265625, 0.5277777777777778, 0.54375, 0.6652777777777777]",ecfb96fc-e011-40d1-a918-19bc519a64db,fully_visible_no_text,,,,United Arab Emirates,,"[0.5015625, 0.5972222222222222, 0.5140625, 0.5972222222222222, 0.5140625, 0.6111111111111112, 0.5015625, 0.6097222222222223]",
63549,17172480.jpg,"[0.91015625, 0.5958333333333333, 0.99765625, 0.7486111111111111]",e345476b-4574-4afe-a656-fd5a5a5e3dff,invisible,,,,United Arab Emirates,,,
63824,15185000.jpg,"[0.58671875, 0.6333333333333333, 0.69453125, 0.7625]",198eab60-7d2c-4348-86ed-f6602ad8344b,fully_visible_no_text,,,,United Arab Emirates,,"[0.6515625, 0.7041666666666667, 0.67578125, 0.7041666666666667, 0.67578125, 0.7166666666666667, 0.6515625, 0.7166666666666667]",
65025,1689600.jpg,"[0.2578125, 0.6819444444444445, 0.3328125, 0.8180555555555555]",2592b56d-de84-4e3d-960e-5f4912f4443c,fully_visible_no_text,,,,United Arab Emirates,,"[0.27265625, 0.7944444444444444, 0.28671875, 0.7944444444444444, 0.28671875, 0.8027777777777778, 0.27265625, 0.8013888888888889]",
65476,34283520.jpg,"[0.64921875, 0.6666666666666666, 0.73515625, 0.7569444444444444]",e90fa50f-deb4-4f6a-afb4-53ffdebde3b0,invisible,,,,United Arab Emirates,,,
65548,11460449.jpg,"[0.56015625, 0.004166666666666667, 0.709375, 0.19444444444444445]",f5461668-026b-4d41-9abd-1376bfdd1bb0,fully_visible_no_text,,,,United Arab Emirates,,"[0.6421875, 0.12083333333333333, 0.6421875, 0.13472222222222222, 0.65703125, 0.1361111111111111, 0.65703125, 0.12083333333333333]",
65650,31365120.jpg,"[0.04921875, 0.775, 0.16953125, 0.8722222222222222]",a64658a2-5967-4a92-8d9f-c74d88c5db74,fully_visible_no_text,,,,United Arab Emirates,,"[0.07421875, 0.8166666666666667, 0.06171875, 0.8111111111111111, 0.06171875, 0.8013888888888889, 0.075, 0.8083333333333333]",
67241,11460449.jpg,"[0.29296875, 0.6708333333333333, 0.4046875, 0.8111111111111111]",5097ac1c-863b-4c1b-b16f-64fdf052cbc7,fully_visible_no_text,,,,United Arab Emirates,,"[0.3640625, 0.7361111111111112, 0.3796875, 0.7361111111111112, 0.3796875, 0.7541666666666667, 0.3640625, 0.7527777777777778]",
67600,1689600.jpg,"[0.2421875, 0.5736111111111111, 0.36796875, 0.7347222222222223]",c57bd3fc-153c-40a3-9585-17fc5dc21338,fully_visible_no_text,,,,United Arab Emirates,,"[0.26953125, 0.6430555555555556, 0.296875, 0.6444444444444445, 0.29609375, 0.6638888888888889, 0.26796875, 0.6611111111111111]",
67692,1689600.jpg,"[0.0, 0.5138888888888888, 0.234375, 0.9041666666666667]",da875297-bca2-4f92-9f4c-e9e83bae5b8d,invisible,,,,United Arab Emirates,,,
67929,31365120.jpg,"[0.2875, 0.6805555555555556, 0.36171875, 0.7805555555555556]",acf37637-80df-492f-91a1-dde01ab9e9b4,fully_visible_no_text,,,,United Arab Emirates,,"[0.303125, 0.7263888888888889, 0.31953125, 0.7277777777777777, 0.31953125, 0.7361111111111112, 0.30234375, 0.7347222222222223]",
68010,1689600.jpg,"[0.7765625, 0.484375, 0.92265625, 0.66875]",ad6a0282-df4e-4c09-94b1-8855851c12a7,fully_visible_no_text,,,,United Arab Emirates,,"[0.8625, 0.6171875, 0.89296875, 0.6140625, 0.89296875, 0.628125, 0.86328125, 0.63125]",
68150,1689600.jpg,"[0.63828125, 0.55, 0.7609375, 0.6319444444444444]",331fbc22-51b8-4e34-ad5f-d5886a444002,invisible,,,,United Arab Emirates,,,
68624,31733760.jpg,"[0.00234375, 0.7236111111111111, 0.2546875, 1.0055555555555555]",da72bc1e-c382-4c35-bbee-daebefc97063,invisible,,,,United Arab Emirates,,,
68877,1689600.jpg,"[0.32109375, 0.6736111111111112, 0.37734375, 0.7722222222222223]",a46c8be6-d380-4117-89bf-098605b456b4,fully_visible_no_text,,,,United Arab Emirates,,"[0.3328125, 0.7111111111111111, 0.34296875, 0.7111111111111111, 0.34296875, 0.7208333333333333, 0.3328125, 0.7180555555555556]",
68935,31365120.jpg,"[0.33046875, 0.6527777777777778, 0.4375, 0.8138888888888889]",6d243698-7f02-48a4-b3b9-f276a89238b9,fully_visible_no_text,,,,United Arab Emirates,,"[0.365625, 0.7722222222222223, 0.39765625, 0.7694444444444445, 0.3984375, 0.7833333333333333, 0.36484375, 0.7861111111111111]",
69746,34283520.jpg,"[0.7, 0.6486111111111111, 0.965625, 0.9222222222222223]",8f13cc67-920c-44ab-a5b6-2cff8137fe52,fully_visible,1.0,53077,6,United Arab Emirates,,"[0.84765625, 0.7722222222222223, 0.90703125, 0.7722222222222223, 0.90703125, 0.7930555555555555, 0.84921875, 0.7972222222222223]",
69998,31733760.jpg,"[0.475, 0.8333333333333334, 0.56875, 0.9666666666666667]",9e352d5e-a7d7-43c3-a8ce-488bd85c6b95,fully_visible_no_text,,,,United Arab Emirates,,"[0.509375, 0.9138888888888889, 0.53671875, 0.9138888888888889, 0.53671875, 0.925, 0.50859375, 0.9263888888888889]",
70037,1689600.jpg,"[0.28984375, 0.5666666666666667, 0.365625, 0.6888888888888889]",9df01e29-0298-4cd7-a39b-a416935d6c3a,fully_visible_no_text,,,,United Arab Emirates,,"[0.3234375, 0.6180555555555556, 0.32265625, 0.6263888888888889, 0.33984375, 0.6277777777777778, 0.33984375, 0.6194444444444445]",
70222,17172480.jpg,"[0.53125, 0.7890625, 0.62890625, 0.940625]",ef315b4e-acfb-4cb8-8634-2f953c81dddf,fully_visible_no_text,,,,United Arab Emirates,,"[0.55703125, 0.8578125, 0.5828125, 0.859375, 0.5828125, 0.875, 0.55703125, 0.8734375]",
